subject_id,tract,n_streamlines,accuracy,precision,recall,F1,AUCROC,DICE,wDICE
sub-1049,AF_L,29095,0.9999899390949393,1.0,0.9996219281663516,0.9998109283418416,1.0,0.9987083077430725,0.9999399185180664
sub-1049,AF_R,5295,0.9997310994465588,1.0,0.9444759206798867,0.9714452214452215,0.9999138978524239,0.9319250583648682,0.9867867827415466
sub-1049,CC_Fr_1,209146,0.9770876606657941,0.9440625226137926,0.9356621690111214,0.9398435755263177,0.9981264671773036,0.9657021760940552,0.9930304288864136
sub-1049,CC_Fr_2,186694,0.9201886694087206,0.7323580959502722,0.8393360257962227,0.7822063150958796,0.9784163872761266,0.8486414551734924,0.9753581881523132
sub-1049,CC_Oc,94827,0.9989545805014172,1.0,0.9879464709418204,0.9939366933494597,0.9999999558594074,0.988948404788971,0.9997106790542603
sub-1049,CC_Pa,142859,0.9616039277773357,0.7797113022453653,0.9842082052933312,0.8701057595316629,0.9944146305288379,0.9371513724327087,0.9981802105903625
sub-1049,CC_Pr_Po,224472,0.9056817589388855,0.8730127503657892,0.6326223315157347,0.7336271161923261,0.9739078525508102,0.875232458114624,0.9704529047012329
sub-1049,CG_L,6498,1.0,1.0,1.0,1.0,1.0,1.0,1.0
sub-1049,CG_R,19810,1.0,1.0,1.0,1.0,1.0,1.0,1.0
sub-1049,FAT_L,41195,0.9999314029200405,0.9981826992973104,1.0,0.9990905232522889,0.9999999999538567,0.9957683682441711,0.999066948890686
sub-1049,FAT_R,59612,1.0,1.0,1.0,1.0,1.0,1.0,1.0
sub-1049,ILF_L,7846,0.9998161598257086,1.0,0.9743818506245221,0.9870247240333097,0.9999849510269403,0.9885024428367615,0.9982297420501709
sub-1049,ILF_R,23348,0.9998362816358299,0.9997842875016179,0.9925475415453143,0.9961527715090163,0.9999998362834113,0.9968423843383789,0.9997668266296387
sub-1049,MCP,15565,1.0,1.0,1.0,1.0,1.0,1.0,1.0
sub-1049,MdLF_L,89,1.0,1.0,1.0,1.0,1.0,1.0,1.0
sub-1049,MdLF_R,2618,0.9999881098394737,0.9950589129608514,1.0,0.9975233377786245,1.0,0.9732850193977356,0.9963842034339905
sub-1049,OR_ML_L,16806,0.999884756905668,0.9931409649952696,0.9994049744138997,0.9962631235541847,0.9999992070636757,0.9821440577507019,0.9986221194267273
sub-1049,OR_ML_R,1981,0.999920427387247,0.9601554907677357,0.9974760222110045,0.9784600148551622,0.9999991114643504,0.9442033767700195,0.9835522174835205
sub-1049,UF_L,842,1.0,1.0,1.0,1.0,1.0,1.0,1.0
sub-1049,UF_R,4743,1.0,1.0,1.0,1.0,1.0,1.0,1.0
sub-1164,AF_L,70285,0.9999383912006206,0.9985508070015913,0.9999573166393967,0.9992535668839616,0.9999970319308142,0.9967647194862366,0.9998806715011597
sub-1164,AF_R,2023,0.9999008391705226,0.9229014598540146,1.0,0.9599051008303677,0.999999873973143,0.9417094588279724,0.974808394908905
sub-1164,CC_Fr_1,210517,0.9776559553412482,0.8878278080158337,0.937563237173245,0.912017965607506,0.9974512916531083,0.9456002712249756,0.993120551109314
sub-1164,CC_Fr_2,311420,0.969173303792403,0.9421463607919223,0.8856817160105324,0.9130418950769312,0.9935851721052095,0.9228584170341492,0.9765756130218506
sub-1164,CC_Oc,130350,0.9999988264990595,0.9999846569289309,1.0,0.9999923284056126,1.0,0.9997406005859375,0.999996542930603
sub-1164,CC_Pa,113187,0.9880478929203862,0.8476630683137684,0.9996907772093968,0.9174213739591526,0.9994070581523848,0.9722980856895447,0.9988265633583069
sub-1164,CC_Pr_Po,177753,0.9795670016229518,0.9349078936958758,0.8642610813882184,0.8981974660453587,0.9966284394064255,0.9036267995834351,0.9949297904968262
sub-1164,CG_L,9523,1.0,1.0,1.0,1.0,1.0,1.0,1.0
sub-1164,CG_R,11852,1.0,1.0,1.0,1.0,1.0,1.0,1.0
sub-1164,FAT_L,95141,1.0,1.0,1.0,1.0,1.0,1.0,1.0
sub-1164,FAT_R,123321,1.0,1.0,1.0,1.0,1.0,1.0,1.0
sub-1164,FPT_L,12957,0.9992043663622996,0.9070811986806092,0.9975302925059814,0.95015805337058,0.9999601052161602,0.9875319600105286,0.9984078407287598
sub-1164,FPT_R,14218,0.9992765366701442,0.9425397041783109,0.9725699817133211,0.9573193949254042,0.9999392814016465,0.9685649275779724,0.995265007019043
sub-1164,ILF_L,84615,0.9998932114144089,0.9999763137013394,0.9978727176032618,0.9989234081820978,0.999999887493464,0.9981839656829834,0.9999542236328125
sub-1164,ILF_R,32599,0.999991785493416,1.0,0.9995705389735882,0.9997852233676976,1.0,0.9988715648651123,0.9999470710754395
sub-1164,MCP,64271,1.0,1.0,1.0,1.0,1.0,1.0,1.0
sub-1164,MdLF_L,43875,1.0,1.0,1.0,1.0,1.0,1.0,1.0
sub-1164,MdLF_R,39638,0.9999207886865121,0.9996964100488274,0.9968969170997528,0.9982947009410724,0.9999998534340584,0.995302677154541,0.9998434782028198
sub-1164,POPT_L,23191,0.9883735394313918,0.6572280178837556,0.30425596136432237,0.415951896719427,0.994707421119817,0.7832378149032593,0.7806066274642944
sub-1164,POPT_R,25037,0.9868063289252726,0.5410511409352773,0.6714462595358869,0.5992371854281029,0.993410495042214,0.9110236167907715,0.9818384051322937
sub-1164,PYT_L,23893,0.9876412748444818,0.5403639890460977,0.792826350814046,0.6426911397988091,0.993789015429734,0.8290097117424011,0.9784443974494934
sub-1164,PYT_R,45986,0.9860828655954168,0.7818678953897567,0.6715739572913495,0.7225361174475055,0.9954108109022501,0.8727424740791321,0.9692981243133545
sub-1164,SLF_L,5281,0.9999395647015611,0.9998069498069498,0.9806854762355615,0.9901539049804035,0.9999997575934519,0.9891346096992493,0.9978975653648376
sub-1164,SLF_R,33369,0.9999724227278968,0.9999699915976473,0.9986214750217267,0.9992952783650458,0.9999999700129292,0.9971011281013489,0.9998376965522766
sub-1047,AF_L,14136,0.9999880612695646,0.9994343491479885,0.9999292586304471,0.9996817426358782,0.9999999893846775,0.9957032799720764,0.9998279213905334
sub-1047,AF_R,3963,0.9966213392867802,0.6269272140552169,0.8824123139036084,0.7330468504349649,0.9989291747734671,0.8660125136375427,0.9743665456771851
sub-1047,CC_Fr_1,87011,0.9549339456575521,0.7276504420980342,0.9741756789371459,0.8330573314136048,0.993260047211367,0.960679292678833,0.9981709122657776
sub-1047,CC_Fr_2,171276,0.9278396601972013,0.8602409044395951,0.8147668091267896,0.836886578030453,0.9803715932417663,0.8334078788757324,0.9218180775642395
sub-1047,CC_Oc,71815,0.9766146801282485,0.8145593869731801,0.9769268258720323,0.8883851973788344,0.9972636897811933,0.9771416187286377,0.9991499781608582
sub-1047,CC_Pa,105838,0.9567380204789023,0.8437567483827354,0.8490901188609006,0.8464150321410912,0.9902987424319272,0.8461593389511108,0.9662840962409973
sub-1047,CC_Pr_Po,91081,0.9530250753134911,1.0,0.6112032147209626,0.7586916524701874,0.9987362575519513,0.8700637817382812,0.964509904384613
sub-1047,FPT_L,12931,0.9979080691225962,0.9000704721634954,0.9877039672105792,0.9418531765052911,0.9999020949235421,0.947365403175354,0.9889723658561707
sub-1047,FPT_R,11686,0.9878423928399453,0.5611863501771759,0.9893034400136916,0.7161396227583857,0.9982032548187642,0.8402470350265503,0.9343298673629761
sub-1047,MdLF_L,605,0.9999893877951685,1.0,0.9867768595041322,0.9933444259567388,1.0,0.993539035320282,0.9979736804962158
sub-1047,MdLF_R,13728,0.9999761225391292,1.0,0.9986888111888111,0.999343975508419,1.0,0.9963573217391968,0.9997731447219849
sub-1047,OR_ML_L,8364,0.9999986734743961,0.9998804542737597,1.0,0.9999402235638711,1.0,0.9988241791725159,0.999929666519165
sub-1047,OR_ML_R,4967,0.999980102115941,0.9973885094415428,0.9995973424602376,0.9984917043740573,0.9999999919348267,0.9849396347999573,0.9985948204994202
sub-1047,POPT_L,7883,0.9913046246662129,0.5478386167146974,0.9646073829760243,0.6988007168129394,0.9974801597572572,0.8875569105148315,0.9837302565574646
sub-1047,POPT_R,11384,0.9866790298852953,0.5342766653044544,0.9187456078706957,0.6756459948320414,0.9951389413175771,0.9272454380989075,0.9912253022193909
sub-1047,PYT_L,30775,0.9892140203144131,0.9814184879666639,0.7499918765231519,0.850238520619601,0.9987345525454914,0.8827067017555237,0.9688200354576111
sub-1047,PYT_R,42878,0.9745227492508447,0.9592581095762843,0.5765660711786931,0.7202330662782229,0.9961408551124897,0.813656210899353,0.9486895203590393
sub-1047,SLF_L,15118,0.9999880612695646,0.9999338230428165,0.9994708294747983,0.9997022726520891,0.999999991493656,0.9986931681632996,0.9999218583106995
sub-1047,SLF_R,46754,0.9966438902220471,0.9900926459506184,0.9554476622321085,0.9724616858237548,0.9999197849203594,0.9812633991241455,0.9977383017539978
sub-1047,UF_L,1101,1.0,1.0,1.0,1.0,1.0,1.0,1.0
sub-1047,UF_R,555,1.0,1.0,1.0,1.0,1.0,1.0,1.0
sub-1135,AF_L,6900,0.9999931037146151,1.0,0.9992753623188406,0.9996375498368975,0.9999999965691797,0.9991818070411682,0.9999018907546997
sub-1135,AF_R,49108,0.9990565881593538,0.9999380549246335,0.986132605685428,0.9929873485205766,0.9999994362680306,0.9933238625526428,0.9995796084403992
sub-1135,CC_Oc,40954,0.999137964326895,1.0,0.9847389754358549,0.9923108152996322,0.9999999998929167,0.9881293773651123,0.9996014833450317
sub-1135,CG_L,26483,0.9998965557192274,0.9996972449288526,0.9974700751425443,0.9985824182055305,0.9999973744791225,0.9869068264961243,0.9994756579399109
sub-1135,CG_R,12098,0.9999875866863073,1.0,0.999256075384361,0.9996278992847397,1.0,0.9980217814445496,0.9998732209205627
sub-1135,FAT_L,41141,0.9999668978301528,0.9994169804445524,1.0,0.9997084052195466,0.9999999988271169,0.9920207858085632,0.9996068477630615
sub-1135,FAT_R,69002,0.9999875866863073,0.9998695860080277,1.0,0.9999347887517842,0.9999999999779089,0.9977317452430725,0.9999287128448486
sub-1135,FPT_L,16235,0.9986331562367247,0.9425734525606781,0.9998768093624885,0.9703798906058523,0.9999892423078364,0.9685941338539124,0.9907121062278748
sub-1135,FPT_R,32756,0.9933423260894751,0.8715642710800096,1.0,0.9313751972589887,0.9997040181355599,0.9462713599205017,0.9904955625534058
sub-1135,FX_L,342,0.9997213900704525,0.6286764705882353,1.0,0.7720090293453724,0.9999996893189618,0.8872659802436829,0.8299466967582703
sub-1135,FX_R,119,0.9999779318867685,0.8814814814814815,1.0,0.937007874015748,1.0,0.9274055361747742,0.9379062056541443
sub-1135,IFOF_L,52209,0.999051071131046,0.9999611838913149,0.9868605029784137,0.993367651878844,0.9999989271563829,0.9945544600486755,0.9997200965881348
sub-1135,IFOF_R,62423,0.9988138389138075,1.0,0.9862230267689793,0.9930637330021131,0.999999809292595,0.993488609790802,0.9997769594192505
sub-1135,ILF_L,29415,0.9988676299398093,0.9954258784392542,0.9765765765765766,0.9859111423815489,0.9999826565131461,0.991947591304779,0.9992495179176331
sub-1135,ILF_R,37277,0.9979780091251648,0.9767045605814542,0.9841457198808917,0.9804110211389936,0.999938923156307,0.9766491055488586,0.9973843693733215
sub-1135,MCP,51305,1.0,1.0,1.0,1.0,1.0,1.0,1.0
sub-1135,MdLF_L,9444,0.9991048621570477,0.9356980085207569,1.0,0.9667809796795823,0.9999999377032348,0.9373094439506531,0.9870052933692932
sub-1135,MdLF_R,18597,0.9991876175816659,0.9693005316376525,1.0,0.9844109784823862,0.9999999031017879,0.9304739236831665,0.9911935329437256
sub-1135,OR_ML_L,33272,0.9992441671218215,0.9864430966821263,0.9972349122385189,0.9918096490703653,0.999960698325144,0.976286768913269,0.9978826642036438
sub-1135,OR_ML_R,5411,0.9996179457896799,0.9776702642352065,0.9709850304934393,0.9743161798794622,0.9999815275255662,0.9480422139167786,0.9915467500686646
sub-1135,POPT_L,18927,0.9792987305317864,0.5727495543672014,0.8148676493897606,0.6726856395158652,0.992097833205842,0.9079030752182007,0.9816572666168213
sub-1135,POPT_R,8578,0.9911824095069431,0.6248428750999886,0.6374446257868968,0.6310808471348607,0.9962561716850822,0.930109977722168,0.9861622452735901
sub-1135,PYT_L,46539,0.9779567133958964,0.9066783784503181,0.7319237628655536,0.8099824035763542,0.9958179757287423,0.9174661636352539,0.9867449998855591
sub-1135,PYT_R,34727,0.9845274941105723,0.8953883413501967,0.7665217266104184,0.8259587935956312,0.996959471626808,0.8697465658187866,0.9753631949424744
sub-1135,SLF_L,1477,0.9999337956603055,0.9685245901639344,1.0,0.9840106595602931,0.9999999981285408,0.969689667224884,0.9884929060935974
sub-1135,SLF_R,17782,0.9990565881593538,0.9631094257854821,0.9998312900686087,0.9811268693780696,0.9999954357612619,0.9793553948402405,0.995352029800415
sub-1135,UF_L,598,0.9999944829716921,0.9966555183946488,0.9966555183946488,0.9966555183946488,0.9999999653746918,0.9950685501098633,0.9974955320358276
sub-1135,UF_R,1909,0.9999917244575381,0.9968668407310705,1.0,0.9984309623430963,1.0,0.9970601797103882,0.9988794326782227
sub-1146,AF_L,12029,0.9999890908495864,0.9990034050328046,1.0,0.999501454092231,1.0,0.9990761280059814,0.9999114274978638
sub-1146,AF_R,6353,0.9999190904677662,0.9996809189534142,0.986305682354793,0.9929482608351161,0.9999999215590466,0.9935076236724854,0.9992014765739441
sub-1146,CC_Fr_1,74096,0.9872844760971423,0.868671875958342,0.9557196069963291,0.9101190743941857,0.9973584205521479,0.856865406036377,0.9813931584358215
sub-1146,CC_Fr_2,250099,0.9694380151164461,0.9731597606235328,0.8901315079228626,0.9297957649417367,0.9967133572374179,0.9017956256866455,0.979597270488739
sub-1146,CC_Oc,48695,0.9973108944230605,0.9456146846197315,0.9965704897833453,0.9704241406203131,0.9999288178919389,0.9790731072425842,0.999169647693634
sub-1146,CC_Pa,168575,0.9683634638007116,0.8382102351733588,0.983372386178259,0.9050073155285743,0.9975154444537577,0.8896874785423279,0.9921917915344238
sub-1146,CC_Pr_Po,138672,0.9532170175473684,0.8611072005299988,0.7498485635167879,0.8016359129928651,0.9895186561777349,0.8200410604476929,0.9824560284614563
sub-1146,CG_L,5558,0.9999990909041322,0.9998201115308508,1.0,0.9999100476747323,1.0,0.9983625411987305,0.9998886585235596
sub-1146,CG_R,12459,1.0,1.0,1.0,1.0,1.0,1.0,1.0
sub-1146,FAT_L,35046,0.9999990909041322,1.0,0.999971466073161,0.9999857328330314,0.9999999996784753,0.9996035695075989,0.9999842047691345
sub-1146,FAT_R,40921,0.9999890908495864,0.9997068380035669,1.0,0.9998533975126445,1.0,0.9957788586616516,0.999799370765686
sub-1146,FPT_L,31100,0.9987536295652522,0.9665714554756898,0.99016077170418,0.9782239235057736,0.9999458681085128,0.9833308458328247,0.998051643371582
sub-1146,FPT_R,36531,0.9947636078014971,0.9330893736805067,0.9073937204018505,0.9200621738647718,0.9992668035979124,0.9586360454559326,0.9930151104927063
sub-1146,MdLF_L,291,1.0,1.0,1.0,1.0,1.0,1.0,1.0
sub-1146,MdLF_R,407,0.9998990903586746,1.0,0.7272727272727273,0.8421052631578947,0.9999781847957572,0.8430605530738831,0.8897852897644043
sub-1146,OR_ML_L,35088,0.9997518168280918,0.9922796301009587,1.0,0.9961248562790104,0.9999999998126611,0.9225836396217346,0.9957700967788696
sub-1146,OR_ML_R,25811,0.9998299990727222,0.9933384674624567,0.9994575955987757,0.9963886367586566,0.9999995183897257,0.9514476656913757,0.996670663356781
sub-1146,POPT_L,8974,0.9797107984225368,0.2829961621023873,0.9695787831513261,0.43811681772406846,0.9986796374962706,0.7739124894142151,0.8126769661903381
sub-1146,POPT_R,12450,0.9859181050078455,0.4448995867469006,0.9857831325301205,0.6130982116095514,0.9992117201362478,0.8598384261131287,0.9058934450149536
sub-1146,PYT_L,76335,0.9787126111596972,0.9942836860884348,0.697255518438462,0.8196910661759044,0.9993486501690589,0.8719246983528137,0.9707244634628296
sub-1146,PYT_R,57578,0.9808389863944712,0.921733102253033,0.692764597589357,0.791012661993198,0.9971503793150641,0.8671035766601562,0.964991569519043
sub-1146,SLF_L,10660,0.9999890908495864,1.0,0.998874296435272,0.999436831237094,1.0,0.9993453025817871,0.9999271035194397
sub-1146,SLF_R,12266,0.9999190904677662,0.9929560359485062,0.9998369476601989,0.9963846122598204,0.9999999436369389,0.9884636402130127,0.9989182353019714
sub-1115,AF_L,32899,0.9989857889277717,0.9992644942598574,0.9498161038329432,0.9739130434782609,0.9999979193671035,0.9860389828681946,0.9987082481384277
sub-1115,AF_R,616,0.9999727362614992,0.9982547993019197,0.9285714285714286,0.9621530698065601,0.9999967629441461,0.9747718572616577,0.9869850277900696
sub-1115,CC_Fr_1,274227,0.9499352940606248,0.8180505247361379,0.8985110875296743,0.8563950881607714,0.9853919227971767,0.9245507717132568,0.9862372875213623
sub-1115,CC_Fr_2,374418,0.9210575422406189,0.8408411846506978,0.8042268267017078,0.8221265419121622,0.9753037604546035,0.8797615766525269,0.9503657221794128
sub-1115,CC_Oc,125574,0.9967834847177658,0.994644928311137,0.9629063341137497,0.9785183356869156,0.9999340487186943,0.9806531071662903,0.9994242191314697
sub-1115,CC_Pa,110076,0.9813243391269787,0.7917823349655756,0.9768523565536539,0.8746344776538244,0.9974696079024632,0.9619196653366089,0.9985811710357666
sub-1115,CC_Pr_Po,203698,0.9556806725540186,0.8810945883616789,0.7408663806222938,0.8049187016803697,0.9902555397121561,0.8975704312324524,0.989459753036499
sub-1115,FPT_L,21992,0.9980024767591775,0.8781504106153162,0.987040742088032,0.9294170537988911,0.9998778696249145,0.9655545949935913,0.9960053563117981
sub-1115,FPT_R,30146,0.9976116965073334,0.8968378967773201,0.9822198633317853,0.9375890567113138,0.9997810313615584,0.9755094647407532,0.9971776604652405
sub-1115,IFOF_L,17117,0.9999975765565777,1.0,0.9997663141905708,0.9998831434414257,0.9999999914518818,0.9997969269752502,0.9999865889549255
sub-1115,IFOF_R,40117,0.9997800725094272,1.0,0.9909514669591445,0.9954551714639857,0.9999999752652637,0.993893027305603,0.9997320771217346
sub-1115,ILF_L,93379,0.9997806783702827,0.9999784994786124,0.9961447434648047,0.9980579399141631,0.9999999170532327,0.9984337091445923,0.9999573230743408
sub-1115,ILF_R,38874,0.9996595061991683,0.9863410175688027,0.9993826207748109,0.9928189926145511,0.9999991054883052,0.9918734431266785,0.999088704586029
sub-1115,MCP,23218,1.0,1.0,1.0,1.0,1.0,1.0,1.0
sub-1115,MdLF_L,6458,0.9999939413914443,0.9984539270253556,1.0,0.9992263654649544,0.999999999905816,0.9971415996551514,0.9995885491371155
sub-1115,MdLF_R,10765,0.9999860652003218,0.9978680014831294,1.0,0.9989328631745,0.999999998187197,0.9926996827125549,0.9992348551750183
sub-1115,OR_ML_L,22225,0.9997843135354162,0.9843203259954821,0.9999100112485939,0.9920539261640106,0.9999997851580242,0.9756460785865784,0.9977383017539978
sub-1115,OR_ML_R,7710,0.9998776161071744,0.999866844207723,0.9739299610894941,0.9867279894875164,0.9999998822856028,0.9950023889541626,0.999585747718811
sub-1115,POPT_L,6136,0.9954542260006398,0.4490267730628682,0.98125814863103,0.6161166538756715,0.9988848691338522,0.8618649840354919,0.9704829454421997
sub-1115,POPT_R,42094,0.9762120852276582,0.5572358578302535,0.32738632584216276,0.412450430228208,0.9879186431301797,0.8615401387214661,0.8969302177429199
sub-1115,PYT_L,60441,0.9934567027598173,0.9920699431018417,0.8279313710891614,0.9025991594668206,0.999680588679189,0.8778371810913086,0.9766185283660889
sub-1115,PYT_R,54182,0.9738274169001251,0.579956610998675,0.7351518954634381,0.6483969950269812,0.9875988376484083,0.8598125576972961,0.9784300327301025
sub-1115,SLF_L,17683,0.9989857889277717,0.9145046864481383,0.9986993157269695,0.9547494188246742,0.9999959207077239,0.974604070186615,0.9936467409133911
sub-1115,SLF_R,35095,0.9999460783838541,0.9975270039795339,0.9999430118250463,0.9987335467805052,0.9999997525848449,0.9828127026557922,0.9989814758300781
sub-1115,UF_L,834,1.0,1.0,1.0,1.0,1.0,1.0,1.0
sub-1115,UF_R,570,0.9999963648348665,0.9895833333333334,1.0,0.9947643979057592,0.9999999968101572,0.9943728446960449,0.9963825941085815
sub-1066,CC_Fr_1,61014,0.9966199925189168,0.9531494094857215,0.9999836103189432,0.97600499096188,0.9999957467647612,0.9716984629631042,0.995388925075531
sub-1066,CC_Fr_2,197688,0.9118617982541135,0.7212916754657982,0.9848144551009672,0.8327013842998625,0.9828773175109535,0.9042437076568604,0.9916839003562927
sub-1066,CC_Oc,77844,0.9463942080191804,1.0,0.3887904013154514,0.559897880842483,0.9999723778300524,0.7505213022232056,0.9361895322799683
sub-1066,CC_Pa,79052,0.9062284524523081,0.4770456668681651,0.5490563173607246,0.510524180031405,0.9454345153678672,0.5958544611930847,0.6816701292991638
sub-1066,CC_Pr_Po,223288,0.8750771768374848,0.8059441511077241,0.6630898212174412,0.7275711428557389,0.9528171387808901,0.8139423131942749,0.9127716422080994
sub-1066,CG_L,9628,0.9987899573217722,1.0,0.8884503531366846,0.940930590694093,0.9999993320591929,0.9448906779289246,0.9896393418312073
sub-1066,CG_R,4367,0.9999853533009153,0.9995410738871042,0.9974811083123426,0.9985100286532951,0.9999999989629127,0.9940794706344604,0.9992278218269348
sub-1066,FPT_L,15400,0.9907860996065672,1.0,0.46896103896103897,0.6384935019008046,0.999990720137354,0.7163140177726746,0.873779833316803
sub-1066,FPT_R,8240,0.9999774666167928,1.0,0.9975728155339806,0.9987849331713244,1.0,0.9992548227310181,0.999939501285553
sub-1066,ILF_L,82926,0.948209272036522,0.999513434611018,0.4458915177387068,0.6166777851901267,0.9900263786005877,0.7936713099479675,0.8624885678291321
sub-1066,ILF_R,54352,0.9570096848481024,0.9998148262452935,0.2980203120400353,0.45917253695803156,0.9978799089740673,0.8211795091629028,0.903606116771698
sub-1066,MCP,27195,1.0,1.0,1.0,1.0,1.0,1.0,1.0
sub-1066,MdLF_L,11705,0.946941769231116,0.19463620046941874,0.9635198633062794,0.32385246019325475,0.9575885771487914,0.4395626485347748,0.5446276068687439
sub-1066,MdLF_R,159,0.9570851716818467,0.003975415195501504,0.9559748427672956,0.007917903839141533,0.9686586975339746,0.227435901761055,0.03267258033156395
sub-1066,OR_ML_L,8121,0.9988710775013182,0.9991586032814472,0.8773550055411895,0.9343036978756885,0.9991842503635586,0.8949505686759949,0.9813235998153687
sub-1066,OR_ML_R,10907,0.9998952197680864,0.9927998541742618,0.9987164206472907,0.9957493486905251,0.9999993264855991,0.9652913212776184,0.9980528950691223
sub-1066,SLF_L,2066,0.9995189122685258,0.8287204171680705,1.0,0.9063391094538276,0.9999999628304685,0.8959658145904541,0.9335016012191772
sub-1066,SLF_R,12901,0.9999132464746522,1.0,0.9940314704286489,0.9970068027210884,0.99999999982276,0.9965710043907166,0.9997023344039917
sub-1066,UF_L,327,1.0,1.0,1.0,1.0,1.0,1.0,1.0
sub-1066,UF_R,392,1.0,1.0,1.0,1.0,1.0,1.0,1.0
sub-1080,AF_L,17060,1.0,1.0,1.0,1.0,1.0,1.0,1.0
sub-1080,AF_R,3406,0.9998593375566166,0.9537944553346401,1.0,0.9763508671348717,0.9999999796671879,0.9890182018280029,0.9946587681770325
sub-1080,CC_Fr_1,81504,0.9815672524191809,0.8633616504854369,0.8728528661170004,0.8680813158922296,0.9973848613198806,0.944627046585083,0.9875341057777405
sub-1080,CC_Fr_2,227120,0.9782612587498434,0.9533761479442691,0.9333700246565693,0.9432670187819541,0.9983556837043117,0.9370172023773193,0.993382453918457
sub-1080,CC_Oc,113599,0.9853387109011689,0.9390764914326316,0.9074815799434854,0.923008738629038,0.9986140286397419,0.9797558784484863,0.999403178691864
sub-1080,CC_Pa,198277,0.8883839249254702,0.6261080257200529,0.8432092476686656,0.7186195750753268,0.9499098485551009,0.9085716605186462,0.9968199729919434
sub-1080,CC_Pr_Po,160323,0.8997400728546207,0.7151679393927183,0.44278737299077486,0.5469422347208044,0.9475861734777121,0.7566980123519897,0.8303780555725098
sub-1080,FPT_L,43330,0.9649332791143551,0.6235651586765699,0.1278790676205862,0.21223379806955722,0.9770375949963804,0.6400931477546692,0.5616704821586609
sub-1080,FPT_R,21750,0.9855279658249938,0.6601798416319957,0.45232183908045975,0.5368329149841755,0.9921139572109294,0.8760303854942322,0.9430748820304871
sub-1080,ILF_L,59998,0.9995217476924966,1.0,0.9906496883229441,0.9953028844141165,0.9999998443376505,0.9942513704299927,0.9998186230659485
sub-1080,ILF_R,45569,0.9991688128345528,1.0,0.978603875441638,0.9891862515666071,0.9999985023997239,0.9751445055007935,0.9979793429374695
sub-1080,MCP,22499,1.0,1.0,1.0,1.0,1.0,1.0,1.0
sub-1080,MdLF_L,6012,0.9999761300096077,0.9953642384105961,1.0,0.997676734152008,0.9999999988597587,0.9832326769828796,0.9981575608253479
sub-1080,MdLF_R,60,0.9992992452820538,0.06802721088435375,1.0,0.12738853503184713,0.999880416598108,0.2803399860858917,0.33275267481803894
sub-1080,OR_ML_L,12647,0.9995677826739675,0.9614565911509807,1.0,0.9803495988527576,0.9999999183659561,0.9134352207183838,0.9892359375953674
sub-1080,OR_ML_R,6483,0.9999002575401463,0.9822727272727273,1.0,0.9910570969961018,0.9999999993388574,0.9415430426597595,0.9925312995910645
sub-1080,PYT_L,66233,0.9575139746006253,0.5896995426395606,0.8137182371325472,0.6838295469684762,0.977458949541077,0.8894675374031067,0.9851425290107727
sub-1080,PYT_R,79544,0.9752408524655569,0.8397309115371678,0.7846349190385196,0.8112485295933554,0.9941641432667125,0.8645586967468262,0.9824327230453491
sub-1080,SLF_L,5688,1.0,1.0,1.0,1.0,1.0,1.0,1.0
sub-1080,SLF_R,1919,0.9998584850569597,1.0,0.9134966128191766,0.9547930283224401,0.9999999417089876,0.9926853179931641,0.9982571005821228
sub-1001,AF_L,9725,0.9999402978658876,0.9998966621886949,0.994961439588689,0.9974229460880322,0.9999999858385522,0.9945553541183472,0.9995831251144409
sub-1001,AF_R,34378,0.9937467984730582,0.9719190283400809,0.8728838210483448,0.9197431535714833,0.9985266415087771,0.941994845867157,0.9943382143974304
sub-1001,CC_Fr_1,96179,0.9746206227887823,1.0,0.77900581207956,0.8757765790196548,0.9999390501616494,0.851967990398407,0.9376280307769775
sub-1001,CC_Fr_2,189374,0.852743492168871,0.7607377463365336,0.5087921256349869,0.6097648957377464,0.943957895579691,0.7292777895927429,0.7690624594688416
sub-1001,CC_Oc,108761,0.997676392940342,1.0,0.9821075569367697,0.9909730211155231,0.9999999857174227,0.9910640120506287,0.9998235106468201
sub-1001,CC_Pr_Po,144872,0.8136039670874075,0.4678596157917928,0.564346457562538,0.5115934184549826,0.8896914429272593,0.7325693368911743,0.8936722874641418
sub-1001,CG_L,10309,1.0,1.0,1.0,1.0,1.0,1.0,1.0
sub-1001,CG_R,7996,1.0,1.0,1.0,1.0,1.0,1.0,1.0
sub-1001,FAT_L,59082,0.9997564152928211,0.9985604931581087,0.9979858501743339,0.9982730889697791,0.9999994606866431,0.9770187139511108,0.9989367723464966
sub-1001,FAT_R,30574,0.9999629846768503,0.9991175605451514,0.9998691698829071,0.9994932239132922,0.9999999734907999,0.9914222955703735,0.9994086623191833
sub-1001,ILF_L,42002,0.9909813956209679,0.9999419499027661,0.8202228465311175,0.9012098620103329,0.9977068284080176,0.9629912972450256,0.9897820949554443
sub-1001,ILF_R,52448,0.9968357868920382,1.0,0.949473764490543,0.974082115681787,0.9999963065225845,0.9698953032493591,0.9979821443557739
sub-1001,MdLF_L,1205,0.9995617863356143,0.7665394402035624,1.0,0.8678429960388909,1.0,0.6496778130531311,0.8301957249641418
sub-1001,MdLF_R,674,0.9987343147568153,0.3886966551326413,1.0,0.5598006644518272,0.9999996507182974,0.541749894618988,0.6409483551979065
sub-1001,OR_ML_L,34826,0.9985516262264311,0.9687874815207386,0.9973008671682076,0.9828374152836142,0.9999729564100983,0.9477956891059875,0.9925369024276733
sub-1001,OR_ML_R,57,0.9993385003540337,0.09328968903436989,1.0,0.17065868263473055,0.9999994343623372,0.3048933446407318,0.20782513916492462
sub-1001,SLF_L,4097,0.9997982067866998,0.9606003752345216,0.9997559189650964,0.979787106805406,0.9999998998364352,0.933820903301239,0.9873778820037842
sub-1001,SLF_R,10932,0.9937444103876937,0.6971670014545959,0.9206915477497256,0.7934881154164531,0.9975231676395344,0.925774335861206,0.9922465085983276
sub-1050,AF_L,59700,0.9971592161482075,0.9999483604441002,0.9730653266331658,0.9863236979498281,0.9999873775571895,0.9819461703300476,0.9989967942237854
sub-1050,AF_R,18168,0.9995856088111911,0.9985543508479289,0.9884962571554381,0.9934998478687799,0.9999981960188007,0.9909822344779968,0.9995255470275879
sub-1050,CC_Fr_1,36475,0.9984500006171784,1.0,0.9759013022618231,0.987803693579942,1.0,0.954425036907196,0.9940835237503052
sub-1050,CC_Oc,54771,0.990767011639984,1.0,0.9044019645432803,0.9498015454528024,0.9999999584827233,0.9743910431861877,0.9990978240966797
sub-1050,CC_Pa,101474,0.9253796087794505,0.7700714931383023,0.8311390109781817,0.7994407450413517,0.9807924983091713,0.8151050209999084,0.9731540679931641
sub-1050,CC_Pr_Po,77551,0.9121808085741946,0.7237137006401264,0.578767520728295,0.643175467507344,0.9691182281711562,0.8243011236190796,0.9552881717681885
sub-1050,CG_L,3050,0.9999982366332391,0.9996722386102918,1.0,0.9998360924438616,1.0,0.9954410791397095,0.999618649482727
sub-1050,CG_R,5448,1.0,1.0,1.0,1.0,1.0,1.0,1.0
sub-1050,MCP,37467,1.0,1.0,1.0,1.0,1.0,1.0,1.0
sub-1050,MdLF_L,3446,0.9999964732664782,0.9994199535962877,1.0,0.9997098926602843,1.0,0.9979971647262573,0.9997258186340332
sub-1050,MdLF_R,3690,0.9999964732664782,0.9994582881906826,1.0,0.999729070712544,1.0,0.9981202483177185,0.9997525811195374
sub-1050,OR_ML_L,17155,0.9999982366332391,1.0,0.9999417079568639,0.9999708531289166,0.9999999998940033,0.9997684359550476,0.9999892711639404
sub-1050,OR_ML_R,32120,0.9999911831661955,1.0,0.9998443337484434,0.9999221608157547,0.9999999977885712,0.9996400475502014,0.9999890923500061
sub-1050,POPT_L,16451,0.9843025090945641,0.728411497730711,0.7316880432800438,0.7300460941290635,0.9945113770365214,0.8732311725616455,0.9631535410881042
sub-1050,POPT_R,2927,0.9927825398476804,0.41695156695156693,1.0,0.5885191515029657,0.9998605220548905,0.8232735395431519,0.8834412097930908
sub-1050,PYT_L,27540,0.9824015997263255,0.832726997119903,0.7978939724037764,0.8149384364337635,0.9952988961846208,0.892981767654419,0.981814444065094
sub-1050,PYT_R,25281,0.9872931791210322,1.0,0.7149638068114395,0.8337946305009687,0.9999698491353571,0.8974291086196899,0.9762863516807556
sub-1050,SLF_L,12379,0.9971609795149683,0.8850747336050919,0.9997576540916068,0.9389272437599575,0.999866606457087,0.9233502149581909,0.9764977097511292
sub-1050,SLF_R,30496,0.9995767919773866,0.9931864119449697,0.9989834732423925,0.996076508092202,0.999996434163802,0.9874565005302429,0.999171257019043
sub-1050,UF_L,1432,0.999984129699152,1.0,0.9937150837988827,0.9968476357267951,1.0,0.9941067695617676,0.9986379742622375
sub-1050,UF_R,76,1.0,1.0,1.0,1.0,1.0,1.0,1.0
sub-1061,AF_L,15155,0.9996673251634872,0.9771715999226156,0.9998680303530189,0.988389537538321,0.9999868983761316,0.9532864093780518,0.9949045777320862
sub-1061,AF_R,3387,0.9999532760061077,0.9860180600058258,0.9994095069382934,0.9926686217008798,0.999999804871533,0.9792823791503906,0.9957913160324097
sub-1061,CC_Fr_1,88102,0.9923512821998404,0.9455228623354035,0.9625547660666046,0.9539627990168231,0.9994563934690155,0.9334012269973755,0.9920758605003357
sub-1061,CC_Fr_2,141548,0.9739644561233662,0.9611113364429121,0.8370376126826236,0.8947938811961197,0.9968249847229335,0.9151871800422668,0.9745684266090393
sub-1061,CC_Oc,67849,0.9931493280155198,0.9150412860395578,0.9832421995902666,0.9479165926610067,0.9996897025951734,0.9848510026931763,0.9994226098060608
sub-1061,CC_Pa,188476,0.9467150228854122,0.781977305390506,0.9670992593221418,0.8647416449423703,0.9883359544882215,0.9046204686164856,0.9930192232131958
sub-1061,CC_Pr_Po,140952,0.9351760653537847,0.8315286358710251,0.6368905726772235,0.7213100264753265,0.9818672550313134,0.8674708604812622,0.9308826327323914
sub-1061,CG_L,9447,0.9999953276006108,0.9994710114261532,1.0,0.9997354357373406,1.0,0.9938107132911682,0.999572217464447
sub-1061,CG_R,4219,1.0,1.0,1.0,1.0,1.0,1.0,1.0
sub-1061,FPT_L,4560,0.9949248397834249,0.24724318049912944,0.09342105263157895,0.13560401082285534,0.9812241442874836,0.40195807814598083,0.36104637384414673
sub-1061,FPT_R,5650,0.9950042705730417,0.7685512367491166,0.07699115044247788,0.13996138996138996,0.9924361390341851,0.35737740993499756,0.2706300914287567
sub-1061,ILF_L,48477,0.9979964751419008,0.997508858584774,0.9581657280772325,0.977441552155889,0.9999815735997112,0.9829062819480896,0.9991137981414795
sub-1061,ILF_R,47989,0.9996224701293507,0.9924250263882277,0.9992081518681365,0.9958050381076984,0.9999971261197644,0.9797257781028748,0.998793363571167
sub-1061,MCP,20870,1.0,1.0,1.0,1.0,1.0,1.0,1.0
sub-1061,MdLF_L,15795,0.9998607624982011,1.0,0.9905666350110794,0.9952609649820299,0.9999999789226769,0.995509922504425,0.9996283054351807
sub-1061,MdLF_R,20837,0.9997579697116382,1.0,0.9875701876469741,0.9937462272123627,0.9999999965696699,0.9825311899185181,0.9985942840576172
sub-1061,OR_ML_L,6015,0.9980749714516397,0.7448916408668731,1.0,0.8537970191625266,0.9999998157972378,0.692999541759491,0.9313262701034546
sub-1061,OR_ML_R,17548,0.9998280557024766,0.9970800412229475,0.9924207886938683,0.9947449591591935,0.9999978952301676,0.9847249388694763,0.9991987943649292
sub-1061,POPT_L,48332,0.9554374580652155,0.5059071343529628,0.571464040387321,0.5366910528821398,0.9773237746601086,0.8295704126358032,0.9423553347587585
sub-1061,POPT_R,21365,0.9767847163947019,0.46159791537850015,0.9783758483501053,0.6272562228990682,0.9925076031828846,0.8791636824607849,0.9826768636703491
sub-1061,PYT_L,54718,0.9504725664742261,0.5167472510332995,0.48439270441171095,0.5000471653617583,0.9757803924699808,0.8059773445129395,0.9125882387161255
sub-1061,PYT_R,41793,0.9722524889871547,0.7636625119846596,0.41928074079391286,0.5413429308453945,0.9917607059912351,0.7631539106369019,0.8923676609992981
sub-1061,SLF_L,15702,0.9996682596433651,0.9999348491758421,0.9774551012609859,0.9885671959035136,0.9999893560349818,0.978256344795227,0.99740070104599
sub-1061,SLF_R,39394,0.9999766380030539,0.9999492037690804,0.9994161547443773,0.999682608198865,0.9999999735248957,0.9984728097915649,0.9999129176139832
sub-1061,UF_L,460,1.0,1.0,1.0,1.0,1.0,1.0,1.0
sub-1061,UF_R,1474,1.0,1.0,1.0,1.0,1.0,1.0,1.0
sub-1046,AF_L,13652,0.9999850592847581,1.0,0.9992675065924407,0.9996336191104273,1.0,0.9981297254562378,0.9999037981033325
sub-1046,AF_R,12540,0.9954804336393192,1.0,0.7587719298245614,0.8628428927680798,0.99999997280207,0.951172947883606,0.9920447468757629
sub-1046,CC_Fr_1,61299,0.9999925296423791,1.0,0.9999184326008581,0.9999592146370511,1.0,0.9994648694992065,0.999984622001648
sub-1046,CC_Oc,74698,0.9970731138841079,1.0,0.9737743982435942,0.9867129689291019,1.0,0.9851155281066895,0.9995184540748596
sub-1046,CG_L,5159,1.0,1.0,1.0,1.0,1.0,1.0,1.0
sub-1046,CG_R,11784,1.0,1.0,1.0,1.0,1.0,1.0,1.0
sub-1046,FAT_L,87714,1.0,1.0,1.0,1.0,1.0,1.0,1.0
sub-1046,FAT_R,29107,1.0,1.0,1.0,1.0,1.0,1.0,1.0
sub-1046,FPT_L,15064,0.9949246390323198,0.8160931996748848,0.9998008497079129,0.8986544944658253,0.9999473165075478,0.8837785720825195,0.9684378504753113
sub-1046,FPT_R,5573,0.991588377318799,0.4974560385610997,1.0,0.6644015259895089,0.9999023867810376,0.7135499119758606,0.7843453288078308
sub-1046,ILF_L,10627,0.9995114386115892,0.9985479186834463,0.9706408205514256,0.9843966216538627,0.9999946611678748,0.9858989119529724,0.9986234307289124
sub-1046,ILF_R,18936,0.995665698508319,1.0,0.8467997465145755,0.9170455520288239,0.9999745312417478,0.9785721302032471,0.9913243651390076
sub-1046,MCP,37539,1.0,1.0,1.0,1.0,1.0,1.0,1.0
sub-1046,OR_ML_L,8974,0.9999447193536048,1.0,0.9958769779362603,0.9979342303612305,0.9999998786676706,0.9930800795555115,0.9994635581970215
sub-1046,OR_ML_R,4182,0.9998924268502581,0.9830747531734838,1.0,0.9914651493598862,0.9999998029892186,0.9508399367332458,0.9924258589744568
sub-1046,POPT_L,40522,0.9482603031172309,0.6668743627506514,0.29053353733774245,0.4047373487348735,0.9731636222857479,0.7864465713500977,0.8594527244567871
sub-1046,POPT_R,79499,0.8980878872633391,0.7760442140271936,0.1995874161939144,0.3175146330481765,0.9480633487871801,0.7059503197669983,0.8069680333137512
sub-1046,PYT_L,68778,0.9432073532224134,0.6742760683373363,0.8653493849777545,0.7579562675903875,0.9741349934762468,0.9156708717346191,0.9926812648773193
sub-1046,PYT_R,83665,0.8917948580034424,0.5410028594771242,0.886451921353015,0.671927448324598,0.936859505755703,0.8979215621948242,0.9939016103744507
sub-1156,AF_L,15283,0.9976296316362907,1.0,0.8167898972714781,0.8991572426708925,0.9999567260878006,0.9433080554008484,0.9908013939857483
sub-1156,AF_R,9424,0.9991390483478956,0.9026726697959575,0.9998938879456706,0.9487992750339828,0.9999974175286306,0.9765045046806335,0.9973129034042358
sub-1156,CC_Fr_1,164188,0.9555234238955141,0.9823310869189563,0.6924683898945112,0.8123160241204881,0.9961020864324311,0.7860573530197144,0.8974088430404663
sub-1156,CC_Fr_2,295093,0.9117130906132567,0.8213984920864861,0.8262446076321702,0.8238144230623032,0.9777131529156047,0.8466686010360718,0.9755188226699829
sub-1156,CC_Oc,43854,0.9999983068797402,1.0,0.9999543941259634,0.9999771965429959,1.0,0.9998164772987366,0.9999946355819702
sub-1156,CC_Pr_Po,87372,0.9390112685618891,0.5673642300289162,0.7388293732545895,0.6418426141815271,0.9736105510170666,0.8007752299308777,0.9430370330810547
sub-1156,FAT_L,70743,0.9999271958288289,0.9998019381764165,0.9989822314575294,0.9993919167350171,0.9999999798245095,0.996367335319519,0.9998117089271545
sub-1156,FAT_R,36508,0.9980131233751337,0.9999121959785758,0.935794894269749,0.9667916519278387,0.9999897275997802,0.9522667527198792,0.9910603761672974
sub-1156,FPT_L,12852,0.9985269853739807,0.9245758826226501,0.9414098972922502,0.9329169558177192,0.9998144127254521,0.9697573184967041,0.9949395656585693
sub-1156,FPT_R,23043,0.9953930197731049,0.9622839733151232,0.7949919715314846,0.8706749049429657,0.9991346071993822,0.9481755495071411,0.978462278842926
sub-1156,IFOF_L,23249,0.9996055029794684,0.9993424801648183,0.9806013161856424,0.9898832009031305,0.9999927524261075,0.9820307493209839,0.9982568025588989
sub-1156,IFOF_R,22800,0.9987665618907413,0.9516272377163655,0.9862280701754386,0.9686187512115273,0.9999380830409246,0.9898464679718018,0.9994251132011414
sub-1156,ILF_L,64515,0.9986827524378815,0.9989064456313296,0.9769510966441912,0.9878067893301571,0.9999923661369494,0.9859093427658081,0.9991776347160339
sub-1156,ILF_R,42815,0.9985549218582672,0.9925001198063929,0.9674413172953404,0.9798105240747969,0.9999530128113993,0.9926363229751587,0.9993336200714111
sub-1156,MCP,25279,1.0,1.0,1.0,1.0,1.0,1.0,1.0
sub-1156,MdLF_L,14569,0.9992592598863408,0.9433436933436934,1.0,0.9708459667477426,0.9999990885659535,0.9478756189346313,0.9901518225669861
sub-1156,MdLF_R,7898,1.0,1.0,1.0,1.0,1.0,1.0,1.0
sub-1156,OR_ML_L,16279,0.9990340748917884,0.9349500057464659,0.999447140487745,0.9661233336302366,0.9999906419753246,0.8599160313606262,0.9809611439704895
sub-1156,OR_ML_R,5503,0.9997765081257074,0.9554860024343592,0.9985462475013629,0.9765416740714412,0.9999964248075695,0.9473235607147217,0.9912643432617188
sub-1156,POPT_L,4077,0.9938709046595516,0.35683896080383815,0.9668874172185431,0.5212906638455435,0.9995311103711841,0.7732201814651489,0.7455392479896545
sub-1156,POPT_R,4472,0.9874514391945488,0.23165863016539637,0.9991055456171736,0.37611010564417696,0.9996157506694683,0.7842337489128113,0.8546452522277832
sub-1156,PYT_L,22501,0.9925121756510682,0.9503363672338742,0.6403715390427092,0.7651541300480578,0.9993682836006762,0.8632126450538635,0.9699088931083679
sub-1156,PYT_R,50220,0.982850384888563,0.8801898284438128,0.690621266427718,0.773966794608587,0.996704348413159,0.8602622747421265,0.9683676958084106
sub-1156,SLF_L,46936,0.9975686793069382,0.9423385801477674,1.0,0.9703134044488547,0.9999723009069249,0.9461514949798584,0.9937987923622131
sub-1156,SLF_R,71265,0.9971445526818602,0.9676788272897608,0.9855889988072687,0.9765518008467212,0.999948517291889,0.9536923766136169,0.9911531209945679
sub-1156,UF_L,55,0.9999873015980516,1.0,0.7272727272727273,0.8421052631578947,0.9999956438605062,0.8628931045532227,0.8699768781661987
sub-1156,UF_R,458,1.0,1.0,1.0,1.0,1.0,1.0,1.0
sub-1006,AF_L,18375,0.9999464283715345,0.9963669883960525,1.0,0.9981801884998778,0.9999997639917227,0.9958311915397644,0.9997758269309998
sub-1006,AF_R,499,0.9999992004234557,1.0,0.9979959919839679,0.9989969909729187,0.9999999983970026,0.999534547328949,0.9997869729995728
sub-1006,CC_Fr_1,128543,0.9749636592460633,0.8959078138360682,0.8558459037053748,0.875418758802887,0.9963860958018985,0.9158167243003845,0.9504104852676392
sub-1006,CC_Fr_2,225817,0.9603082207662822,0.8876873784185834,0.8931789900671783,0.8904247170723416,0.9910765612109722,0.9134253859519958,0.9831263422966003
sub-1006,CC_Oc,79500,1.0,1.0,1.0,1.0,1.0,1.0,1.0
sub-1006,CC_Pa,134682,0.9321855145514936,0.618780398340328,0.9644570172703109,0.7538820033487811,0.9764199416471718,0.9650866389274597,0.9993566870689392
sub-1006,CC_Pr_Po,239937,0.9175268777655353,0.904599367032447,0.6373256313115526,0.7477981916074546,0.9730443598465548,0.8042581081390381,0.9187409281730652
sub-1006,CG_L,23149,0.9999984008469115,0.9999136106431687,1.0,0.9999568034557236,1.0,0.9983730912208557,0.9999478459358215
sub-1006,CG_R,12672,0.9999992004234557,0.9999210920855361,1.0,0.999960544486092,1.0,0.9996492862701416,0.9999862313270569
sub-1006,FAT_L,59878,0.9999984008469115,0.9999665998663995,1.0,0.9999832996543029,1.0,0.9995561838150024,0.9999871253967285
sub-1006,FAT_R,48062,0.9999992004234557,1.0,0.9999791935416753,0.9999895966626093,1.0,1.0,1.0
sub-1006,ILF_L,11633,0.9998696690232852,0.9870074728260869,0.9991403765150864,0.993036866162587,0.9999992273282747,0.9762952923774719,0.9958092570304871
sub-1006,ILF_R,11294,0.9998224940071738,0.981642596137115,0.9990260315211617,0.9902580305423907,0.9999994561855823,0.9958693385124207,0.9996430277824402
sub-1006,MCP,12319,1.0,1.0,1.0,1.0,1.0,1.0,1.0
sub-1006,MdLF_L,4573,0.9999952025407344,1.0,0.9986879510168379,0.9993435448577681,1.0,0.9995486736297607,0.9999421238899231
sub-1006,MdLF_R,631,1.0,1.0,1.0,1.0,1.0,1.0,1.0
sub-1006,OR_ML_L,18863,0.9998728673294623,0.9993592481845365,0.9922069660181307,0.9957702641589742,0.999994267589138,0.9892949461936951,0.9993820786476135
sub-1006,OR_ML_R,42181,0.9994978659302034,0.9901852070307892,0.99497404044475,0.992573847645626,0.9999894967795769,0.9544532895088196,0.997239887714386
sub-1006,POPT_L,11604,0.9920482112673128,0.5512068646212729,0.7694760427438814,0.6423047872531741,0.9965420227703433,0.8934084177017212,0.9762281179428101
sub-1006,POPT_R,13272,0.98647036529454,0.43757484517740447,0.9636075949367089,0.6018494552813007,0.9977011943076086,0.8468732833862305,0.9663538336753845
sub-1006,PYT_L,65734,0.988739563527156,0.9531027948839412,0.8264216387257736,0.8852531145350401,0.9989425837711318,0.9025668501853943,0.9856191277503967
sub-1006,PYT_R,79627,0.982392524918803,0.9986496312454555,0.7244276438896354,0.8397178813442124,0.9996709971398013,0.865402102470398,0.9788541197776794
sub-1006,SLF_L,1737,0.9999464283715345,1.0,0.9614277489925158,0.9803346052245377,0.9999934239358341,0.9883273839950562,0.9960330128669739
sub-1006,SLF_R,5373,0.9999992004234557,0.9998139188686267,1.0,0.999906950776961,0.9999999995516323,0.9997062683105469,0.9999629855155945
sub-1006,UF_L,166,1.0,1.0,1.0,1.0,1.0,1.0,1.0
sub-1006,UF_R,541,1.0,1.0,1.0,1.0,1.0,1.0,1.0
sub-1217,AF_L,21962,0.9999824372938212,0.9999088506061434,0.9989982697386395,0.9994533527696793,0.9999999750757264,0.9987103343009949,0.9999252557754517
sub-1217,AF_R,21672,0.9997372911867414,1.0,0.9834348468069398,0.9916482493893218,0.9999948690387767,0.99541836977005,0.9995765686035156
sub-1217,CC_Fr_1,147595,0.9620411377121063,0.7399613948008322,0.999959348216403,0.8505345051145368,0.9910030618457946,0.9803370237350464,0.9985290765762329
sub-1217,CC_Fr_2,250839,0.9602475463435909,0.9878022141686938,0.7932299203871807,0.8798878543521665,0.9879398332558981,0.8499851822853088,0.9193637371063232
sub-1217,CC_Oc,76086,0.9621728580084477,0.7193941792279742,0.5256420366427463,0.607442284325638,0.9849952320592853,0.9411801695823669,0.9944269061088562
sub-1217,CC_Pa,170167,0.929403775396405,0.6570993694281365,0.9057102728496125,0.761630377845205,0.9781699645066955,0.9095790982246399,0.995667576789856
sub-1217,CC_Pr_Po,173714,0.9654373260194419,0.9965063239462052,0.7306722543951553,0.8431317194033618,0.9972840538649731,0.912747323513031,0.9784259796142578
sub-1217,CG_L,26417,0.9999970728823036,0.9998486052761061,1.0,0.9999242969075287,1.0,0.9959491491317749,0.9998732209205627
sub-1217,CG_R,8155,1.0,1.0,1.0,1.0,1.0,1.0,1.0
sub-1217,FPT_L,59827,0.9730339282212198,0.9567447222995269,0.40224313437076903,0.5663685573076018,0.990918797269066,0.7952778339385986,0.7825158834457397
sub-1217,FPT_R,50014,0.974413332435684,0.7788607641848572,0.4202023433438637,0.5458913983661701,0.9880429192152196,0.8326708674430847,0.8938062191009521
sub-1217,IFOF_L,81681,0.9999941457646071,1.0,0.9999020580061458,0.999951026604797,1.0,0.9993258118629456,0.9999832510948181
sub-1217,IFOF_R,88601,1.0,1.0,1.0,1.0,1.0,1.0,1.0
sub-1217,MCP,16640,1.0,1.0,1.0,1.0,1.0,1.0,1.0
sub-1217,MdLF_L,315,0.9999992682205758,1.0,0.9968253968253968,0.9984101748807631,1.0,0.9986681938171387,0.9993994832038879
sub-1217,MdLF_R,91,0.9998997462188958,0.3991228070175439,1.0,0.5705329153605015,1.0,0.8979660272598267,0.6361449956893921
sub-1217,OR_ML_L,27612,0.9999956093234553,0.999855145940465,0.9999275677241779,0.9998913555209503,0.9999999984582202,0.999286949634552,0.9999701380729675
sub-1217,OR_ML_R,8027,1.0,1.0,1.0,1.0,1.0,1.0,1.0
sub-1217,PYT_L,48437,0.9712622902354281,0.5572131229401778,0.921506286516506,0.6944865840471134,0.9839478812232659,0.9409199357032776,0.996060848236084
sub-1217,PYT_R,59243,0.9730639311776087,0.6400164769322948,0.8654693381496548,0.7358616483082774,0.9870922130211921,0.9376198053359985,0.9959940910339355
sub-1217,SLF_L,5737,0.9999824372938212,0.9961785652249435,0.9996513857416769,0.9979119540629894,0.9999999055961006,0.988274335861206,0.9982386231422424
sub-1217,SLF_R,527,0.9998375449678456,0.7036048064085447,1.0,0.8260188087774295,0.9999549018017311,0.8894379734992981,0.8875783681869507
sub-1217,UF_L,6997,1.0,1.0,1.0,1.0,1.0,1.0,1.0
sub-1217,UF_R,16176,1.0,1.0,1.0,1.0,1.0,1.0,1.0
sub-1124,AF_L,41716,0.9998030516789256,1.0,0.9939831239812063,0.9969824839807168,0.999999999980554,0.9976690411567688,0.999854564666748
sub-1124,AF_R,30113,0.9999992153453343,1.0,0.999966791751071,0.999983395599834,1.0,0.9999255537986755,0.9999969005584717
sub-1124,CC_Fr_1,180001,0.9648506095982098,0.8435103836909741,0.9222282098432787,0.8811146496815286,0.9939358220168888,0.8975182175636292,0.9841548800468445
sub-1124,CC_Fr_2,237966,0.9557964794114462,0.9173794149412873,0.8388089054738912,0.8763365682437312,0.9924042434149589,0.9106634259223938,0.9789643287658691
sub-1124,CC_Pa,109484,0.9801639300527445,0.8214776579823463,0.982645866062621,0.8948629225445834,0.9968160837435966,0.9719362258911133,0.9990172982215881
sub-1124,CC_Pr_Po,86652,0.9720639399393933,0.8779223855846252,0.6842773392420256,0.7690980666835289,0.9913308730478936,0.7637794017791748,0.9515595436096191
sub-1124,CG_L,3626,0.999997646036003,0.9991733259851199,1.0,0.9995864920744314,1.0,0.9871461391448975,0.9991734027862549
sub-1124,CG_R,9719,1.0,1.0,1.0,1.0,1.0,1.0,1.0
sub-1124,FAT_L,60652,1.0,1.0,1.0,1.0,1.0,1.0,1.0
sub-1124,FAT_R,51405,1.0,1.0,1.0,1.0,1.0,1.0,1.0
sub-1124,FPT_L,14821,0.9988614660801635,0.9504109958226654,0.9517576411848053,0.9510838418231466,0.9999177848547427,0.975610613822937,0.9957633018493652
sub-1124,FPT_R,40368,0.9878959171279128,0.7971974643725275,0.8286761791518034,0.8126320903680311,0.9971789155101273,0.9601651430130005,0.9936566948890686
sub-1124,IFOF_L,16879,0.9999968613813375,0.999940747763228,0.9998222643521536,0.9998815025476953,0.9999999915671343,0.9992681741714478,0.9999493956565857
sub-1124,IFOF_R,25225,0.9999984306906687,1.0,0.9999207135777998,0.9999603552172535,0.9999999997461253,0.9995574355125427,0.9999805092811584
sub-1124,MCP,44229,1.0,1.0,1.0,1.0,1.0,1.0,1.0
sub-1124,MdLF_L,205,1.0,1.0,1.0,1.0,1.0,1.0,1.0
sub-1124,MdLF_R,14124,1.0,1.0,1.0,1.0,1.0,1.0,1.0
sub-1124,OR_ML_L,52933,1.0,1.0,1.0,1.0,1.0,1.0,1.0
sub-1124,OR_ML_R,29921,0.9999772450146965,1.0,0.9990307810567829,0.9995151555681875,0.9999999988721027,0.9970790147781372,0.9999133348464966
sub-1124,POPT_L,19191,0.9862905136820234,0.52478731074261,0.9482048877077797,0.6756395499944307,0.9963625373725378,0.895717442035675,0.9852829575538635
sub-1124,POPT_R,40292,0.9743559162177134,0.6549771912675139,0.399111486151097,0.495990376904571,0.9887054371383297,0.8365524411201477,0.9286451935768127
sub-1124,PYT_L,53770,0.9851519797621868,0.9553377760355416,0.6798586572438162,0.7943934372792959,0.9978726185554591,0.8951981067657471,0.9694932699203491
sub-1124,PYT_R,73168,0.9622518333456263,0.6435050507364226,0.7679176689263065,0.700228062960332,0.9852790515072073,0.8723936676979065,0.9809967875480652
sub-1124,SLF_L,16863,0.9998030516789256,0.9853336449690312,1.0,0.9926126497336434,0.999999999481294,0.9869753122329712,0.9955605268478394
sub-1124,SLF_R,1005,0.9999968613813375,0.9960356788899901,1.0,0.9980139026812314,1.0,0.9934645891189575,0.9979147911071777
sub-1124,UF_L,5020,0.9999992153453343,1.0,0.999800796812749,0.9999003884849088,0.9999999998430762,0.9997718334197998,0.9999715089797974
sub-1124,UF_R,15098,1.0,1.0,1.0,1.0,1.0,1.0,1.0
sub-1209,CC_Fr_1,65909,0.9931490253123012,0.8888031724119263,0.9963889605364973,0.9395261667000486,0.9995724350701456,0.9874166250228882,0.9995689392089844
sub-1209,CC_Fr_2,178716,0.9875687305761415,0.9718958326112325,0.9413874527182793,0.9563984060121311,0.9987785598392919,0.8976061940193176,0.9878539443016052
sub-1209,CC_Oc,132652,0.9901797833847251,0.9392638483965015,0.9714666948104815,0.9550939033247854,0.9995178457712828,0.9833125472068787,0.9996210932731628
sub-1209,CC_Pa,137535,0.9770823794454552,0.868957645263037,0.9354491583960446,0.900978311869297,0.9968806128095912,0.9303094744682312,0.9967238903045654
sub-1209,CC_Pr_Po,126668,0.9813223013245704,0.9743289266488446,0.8401806296775823,0.9022959270186862,0.9983095210221606,0.9054418206214905,0.9937878251075745
sub-1209,CG_L,25026,0.9999983792347557,1.0,0.9999200831135618,0.99996003996004,0.9999999999669481,0.9998273253440857,0.999993622303009
sub-1209,CG_R,15384,0.9999854131128012,0.9988313206077133,1.0,0.999415318651335,1.0,0.9923790693283081,0.9993042349815369
sub-1209,FAT_L,54598,0.9999975688521335,0.9999633692924779,0.9999816843107806,0.9999725267177669,0.9999999997359927,0.9993175864219666,0.9999770522117615
sub-1209,FAT_R,28580,1.0,1.0,1.0,1.0,1.0,1.0,1.0
sub-1209,FPT_L,15230,0.9973168231380446,0.8322461950158889,0.9801707156927117,0.9001718575692707,0.9995292085647837,0.9611037969589233,0.9953658580780029
sub-1209,FPT_R,59804,0.96928892976819,0.9449205897883748,0.3889873587051033,0.5511057413264158,0.9866593399852708,0.7847581505775452,0.8267161846160889
sub-1209,IFOF_L,50000,0.9999513770426707,1.0,0.9988,0.9993996397838704,0.999999947516227,0.9987784028053284,0.9999548196792603
sub-1209,IFOF_R,46163,0.999921392885651,1.0,0.9978987500812339,0.9989482700668987,1.0,0.9987090229988098,0.9999541640281677
sub-1209,ILF_L,35680,0.9997706617179302,0.9928983206617095,0.9992152466367713,0.9960467682679817,0.9999990076954363,0.9842376708984375,0.9987266063690186
sub-1209,ILF_R,23791,0.9999311174771168,0.9971061902365375,0.9993274767769325,0.9982155977747454,0.9999996615346998,0.9931169748306274,0.9992765784263611
sub-1209,MCP,24140,1.0,1.0,1.0,1.0,1.0,1.0,1.0
sub-1209,MdLF_L,11630,0.9998306300319696,0.999912457322945,0.9821152192605331,0.9909339348457902,0.9999999147790541,0.9872980117797852,0.9987739324569702
sub-1209,MdLF_R,1380,0.9999983792347557,1.0,0.9985507246376811,0.9992748368382887,1.0,0.9987340569496155,0.9996702671051025
sub-1209,OR_ML_L,26152,0.9999554289557815,0.9984719410169233,0.9994264301009483,0.9989489575569952,0.9999998440193364,0.9940470457077026,0.9996957182884216
sub-1209,OR_ML_R,121,0.9999813611996904,0.8402777777777778,1.0,0.9132075471698113,1.0,0.8859784007072449,0.912373960018158
sub-1209,POPT_L,15694,0.9831407999286863,0.39260193358554013,0.5951318975404614,0.4731030290750684,0.9893256885685706,0.8404743075370789,0.9518516063690186
sub-1209,POPT_R,12393,0.9903394287612897,0.5126284246575342,0.7730170257403373,0.6164537820533444,0.9954600820082361,0.871562659740448,0.9748256802558899
sub-1209,PYT_L,59726,0.980457623066731,0.8639494716186661,0.7076817466430031,0.7780467376598036,0.9961761788376398,0.8594582676887512,0.9740145206451416
sub-1209,PYT_R,65749,0.9603560821241749,0.5889115480932808,0.8476782916850446,0.6949896500985111,0.9800128937935569,0.8985022306442261,0.9891083836555481
sub-1209,SLF_L,9144,0.9999991896173779,0.9998906506287589,1.0,0.9999453223248947,1.0,0.9990431070327759,0.9999405741691589
sub-1209,SLF_R,2350,0.999748781387132,1.0,0.8680851063829788,0.929384965831435,0.9999884305320147,0.9298641681671143,0.9706038236618042
sub-1209,UF_L,4809,1.0,1.0,1.0,1.0,1.0,1.0,1.0
sub-1209,UF_R,4961,0.9999991896173779,0.9997984683595325,1.0,0.9998992240249924,1.0,0.9992948770523071,0.9999212622642517
sub-1019,AF_L,30264,0.9999941140635622,0.999900878873984,0.9999669574411842,0.9999339170659177,0.9999999998473367,0.9995700716972351,0.9999865293502808
sub-1019,AF_R,7123,0.9944834060736978,0.8451309328968903,0.5799522673031027,0.6878694530014153,0.9930166760774426,0.8309246301651001,0.9449242353439331
sub-1019,CC_Fr_1,61188,0.9939610292148455,0.9958824142603983,0.9368013335948225,0.9654388358344702,0.9997513408342462,0.9531024098396301,0.9770784378051758
sub-1019,CC_Fr_2,155337,0.9646372938818634,0.8971405757562926,0.9547564327880672,0.925052237642289,0.9957971281672638,0.9549030661582947,0.9981252551078796
sub-1019,CC_Oc,46594,0.9899968510240058,0.8885872749287193,0.9765420440400051,0.9304907975460123,0.9990417091175066,0.9790139198303223,0.9991001486778259
sub-1019,CC_Pa,72995,0.9568825726250982,0.7404492774359708,0.9216384683882458,0.8211678832116789,0.9903574367093337,0.8894327282905579,0.9898150563240051
sub-1019,CC_Pr_Po,102770,0.9375619862681103,0.9079648411088573,0.6533424151016833,0.7598913535536442,0.9859494271194501,0.8531079888343811,0.9673261642456055
sub-1019,CG_L,17659,0.9999970570317811,1.0,0.9998867433036979,0.9999433684448975,1.0,0.9986900687217712,0.9999470710754395
sub-1019,CG_R,12537,1.0,1.0,1.0,1.0,1.0,1.0,1.0
sub-1019,ILF_L,18070,0.9999985285158906,1.0,0.9999446596568898,0.9999723290627853,1.0,0.9999867081642151,0.9999992251396179
sub-1019,ILF_R,9641,0.9998734523665879,0.9916640938561284,0.9994813815994191,0.9955573922925922,0.9999986373924595,0.9971159100532532,0.9995588064193726
sub-1019,MdLF_L,402,1.0,1.0,1.0,1.0,1.0,1.0,1.0
sub-1019,MdLF_R,6636,0.9999823421906867,0.9993968636911942,0.9987944544906571,0.9990955682845946,0.9999999366280223,0.9968503713607788,0.9996424317359924
sub-1019,OR_ML_L,5798,0.9999720418019206,0.9967337115351556,1.0,0.9983641842445115,1.0,0.9858381748199463,0.9985610246658325
sub-1019,OR_ML_R,16388,0.999717475050987,0.9929388848307767,0.9953624603368318,0.9941491955143832,0.9999913402864443,0.9553014636039734,0.9968791007995605
sub-1019,POPT_L,14570,0.9876513053535535,0.6386943247126436,0.9763212079615649,0.7722164920471202,0.9991197045339304,0.9160059094429016,0.974674642086029
sub-1019,POPT_R,15744,0.974047434761752,0.4712021176255819,0.9836763211382114,0.63718088498488,0.9947383843642006,0.8651211261749268,0.9822642803192139
sub-1019,PYT_L,33648,0.9869317496240358,0.9871366193304748,0.7457798383262007,0.8496504088438944,0.9996285702503431,0.8901719450950623,0.9689585566520691
sub-1019,PYT_R,36120,0.9736413051475458,0.992320588394354,0.508001107419712,0.6719891596931021,0.9977895501092662,0.820900559425354,0.9274807572364807
sub-1019,SLF_L,654,0.9999911710953433,0.9954128440366973,0.9954128440366973,0.9954128440366973,0.9999999932435709,0.9889751076698303,0.9963067770004272
sub-1019,SLF_R,14565,0.9944878205260261,0.8219365589478069,0.9482320631651219,0.8805789339454221,0.9971415711052455,0.9802549481391907,0.9973703622817993
sub-1019,UF_L,219,1.0,1.0,1.0,1.0,1.0,1.0,1.0
sub-1019,UF_R,664,1.0,1.0,1.0,1.0,1.0,1.0,1.0
sub-1024,AF_L,11530,0.9999404382293593,0.9996520831521266,0.9967909800520381,0.9982194814782647,0.999999763642651,0.9981895685195923,0.9998548626899719
sub-1024,AF_R,11751,0.999481376777592,0.9710600297668265,0.9994043060165092,0.9850283078213462,0.9999875809412644,0.9948968291282654,0.9992017149925232
sub-1024,CC_Fr_2,90354,0.9604291934028801,1.0,0.6985302255572526,0.8225113866644078,1.0,0.8701738715171814,0.9579499959945679
sub-1024,CC_Oc,82274,1.0,1.0,1.0,1.0,1.0,1.0,1.0
sub-1024,FAT_L,56890,1.0,1.0,1.0,1.0,1.0,1.0,1.0
sub-1024,FAT_R,19466,0.9999956418216605,0.9998459088807848,1.0,0.9999229485039168,1.0,0.9986638426780701,0.9999138116836548
sub-1024,FPT_L,42501,0.9466442753148421,0.8441635865029212,0.16658431566316087,0.2782581355132841,0.9676120402377384,0.5110680460929871,0.4953500032424927
sub-1024,FPT_R,51926,0.9248374036297815,0.5684981684981685,0.014944343873974503,0.029123116473701,0.9530846828066784,0.4236111044883728,0.37454766035079956
sub-1024,IFOF_L,44836,0.9999970945477736,1.0,0.9999553929877777,0.9999776959964314,0.9999999999306833,1.0,1.0
sub-1024,IFOF_R,46131,0.9999288164204538,1.0,0.9989378075480696,0.9994686215609513,0.9999999999662467,0.9995926022529602,0.9999849796295166
sub-1024,ILF_L,20951,0.9999898309172077,0.9999045254916937,0.9997613479070211,0.9998329315735459,0.9999999984266504,0.9997344017028809,0.9999836683273315
sub-1024,ILF_R,36522,0.9998619910192472,0.9986584531143052,0.9987404851870105,0.9986994674661519,0.9999990541224417,0.9978488087654114,0.999852180480957
sub-1024,MdLF_L,894,1.0,1.0,1.0,1.0,1.0,1.0,1.0
sub-1024,MdLF_R,1850,0.9999912836433209,0.9967672413793104,1.0,0.9983810037776578,1.0,0.994601845741272,0.9987930655479431
sub-1024,POPT_L,25740,0.9639288106095494,0.5131769475818129,0.6884226884226884,0.5880205740832919,0.9797388117917123,0.842164158821106,0.9494480490684509
sub-1024,POPT_R,4836,0.96678196469585,0.17450173310225303,0.999379652605459,0.29712283290298785,0.9998907510025103,0.6932834982872009,0.6751172542572021
sub-1024,PYT_L,50800,0.9191354536355197,0.46805212547948083,0.7013779527559055,0.5614383410544893,0.9549628049331502,0.8707765340805054,0.9817574620246887
sub-1024,PYT_R,63621,0.9163113540714828,0.5329230499676957,0.764936106002735,0.6281915580224603,0.9545947134001143,0.8704204559326172,0.9823653101921082
sub-1024,SLF_L,1908,0.9999404382293593,0.9809376609994848,0.9979035639412998,0.9893478825669005,0.9999992277165831,0.9919643402099609,0.9979491829872131
sub-1024,SLF_R,22287,0.999481376777592,0.9996810061975939,0.9842957778076906,0.9919287377631073,0.9999957000405747,0.9937885999679565,0.999366044998169
sub-1024,UF_L,482,1.0,1.0,1.0,1.0,1.0,1.0,1.0
sub-1024,UF_R,811,1.0,1.0,1.0,1.0,1.0,1.0,1.0
sub-1175,AF_L,49877,0.9996409889335535,0.9999796888329203,0.9870882370631754,0.9934921451705664,0.9999998731482777,0.986286997795105,0.9993852972984314
sub-1175,AF_R,18549,0.9997422912809849,0.9757470538720538,0.9998921774758747,0.9876720717842213,0.999999766472349,0.9920842051506042,0.9986523389816284
sub-1175,CC_Fr_1,189856,0.9571513334617239,0.73579868306705,0.9275924911511882,0.8206383970177074,0.9907782490343094,0.8736163973808289,0.9858345985412598
sub-1175,CC_Fr_2,368683,0.9569648703496935,0.9561174459451843,0.8283050750916099,0.8876338686869715,0.9921218691483386,0.8937086462974548,0.9547435641288757
sub-1175,CC_Oc,40662,0.9865857880599042,0.6285749774865695,0.9956224484776942,0.7706247382647429,0.9980697519581009,0.9174257516860962,0.9955852627754211
sub-1175,CC_Pa,205809,0.9556546191087397,0.7654151095848905,0.8837368628194102,0.8203313691132595,0.9897613010353327,0.888804018497467,0.9900338649749756
sub-1175,CC_Pr_Po,155394,0.9688834811494142,0.9992974003814112,0.6406939778884642,0.7807892590501286,0.9988511639761334,0.8676506876945496,0.9790927767753601
sub-1175,FAT_L,110312,1.0,1.0,1.0,1.0,1.0,1.0,1.0
sub-1175,FAT_R,32339,0.9999994433936954,0.9999690785405071,1.0,0.9999845390312156,1.0,0.9994974136352539,0.9999780654907227
sub-1175,FPT_L,27186,0.9948330236746925,0.9857817333260975,0.6681747958508055,0.7964834586631004,0.9990797244766548,0.9256808161735535,0.9233302474021912
sub-1175,FPT_R,22649,0.9983485490943459,0.9113786472702952,0.9626032054395337,0.936290824762191,0.9998510270535114,0.9391896724700928,0.9870862364768982
sub-1175,IFOF_L,49829,0.9999966603621726,1.0,0.9998795881916154,0.9999397904708385,0.9999999988281243,0.9998040795326233,0.999994695186615
sub-1175,IFOF_R,48903,0.9980251608313917,0.9323888878296185,0.9999591027135349,0.964992599901332,0.9999958988611983,0.9990226626396179,0.9999634623527527
sub-1175,ILF_L,17805,0.9999532450704163,0.9965256374334548,0.9987643920247121,0.9976437587657784,0.9999994937243316,0.9945427179336548,0.9995548129081726
sub-1175,ILF_R,50310,0.9976394326623259,0.985539933812525,0.9293381037567084,0.9566142545856309,0.9998953406690659,0.9741358757019043,0.9965894818305969
sub-1175,MCP,114690,1.0,1.0,1.0,1.0,1.0,1.0,1.0
sub-1175,MdLF_L,859,0.9999688300469441,0.9987577639751553,0.9359720605355064,0.9663461538461539,0.9999997141084999,0.9813109636306763,0.9903793931007385
sub-1175,MdLF_R,47873,0.9996192812876753,1.0,0.9857121968541767,0.992804695882687,0.9999999995580343,0.9923827052116394,0.9996954202651978
sub-1175,OR_ML_L,18372,0.9999860848423858,0.9987495242755396,0.9998911386893098,0.9993200054399565,0.999999993969937,0.9877669811248779,0.9996070861816406
sub-1175,OR_ML_R,1492,0.9999949905432589,0.9940039973351099,1.0,0.9969929836284664,1.0,0.9888662695884705,0.9980873465538025
sub-1175,POPT_L,18939,0.9905850043582274,0.5323116219667944,0.8802999102381329,0.6634433633777035,0.9964380096337807,0.8986358642578125,0.9830360412597656
sub-1175,POPT_R,17248,0.988463221125213,0.45334835197253737,0.9800556586270872,0.6199321536627853,0.9983927910920155,0.8856369256973267,0.9628280997276306
sub-1175,PYT_L,49124,0.9854185846392245,0.7519395178127953,0.6964823711424151,0.7231492734478203,0.9942760627187549,0.8505918979644775,0.9595787525177002
sub-1175,PYT_R,77796,0.9868117702195589,0.978914382834077,0.7107434829554219,0.8235478105451296,0.9990208038062636,0.8510072231292725,0.9698064923286438
sub-1175,SLF_L,10115,0.9996409889335535,0.9401375720394125,0.9999011369253584,0.9690988358166052,0.9999983302173581,0.9494521021842957,0.9914430975914001
sub-1175,SLF_R,30535,0.9997422912809849,0.9999335017954515,0.98490257082037,0.9923611225685106,0.9999997848011011,0.9910064339637756,0.9990376830101013
sub-1175,UF_L,13301,1.0,1.0,1.0,1.0,1.0,1.0,1.0
sub-1175,UF_R,8095,1.0,1.0,1.0,1.0,1.0,1.0,1.0
sub-1191,AF_L,60252,0.9994522096602015,0.9988070434841051,0.9866062537343159,0.9926691603767284,0.9999957932537121,0.9884086847305298,0.9993587732315063
sub-1191,AF_R,51962,0.9988825825756503,0.9868796459833472,0.9785420114699204,0.9826931439339035,0.9999468826875816,0.9851757287979126,0.9989882111549377
sub-1191,CC_Fr_1,229068,0.9864425010434844,0.9136567497685703,0.999602738051583,0.9546993437346253,0.9994258721694167,0.9675455689430237,0.9990448951721191
sub-1191,CC_Fr_2,236686,0.9679199502371783,0.8785212850289712,0.9083638238003092,0.8931933562104808,0.9950970595309669,0.9004300236701965,0.9616912007331848
sub-1191,CC_Oc,67696,0.9999968804650353,0.999926145847181,1.0,0.9999630715599311,1.0,0.9994353652000427,0.9999913573265076
sub-1191,CC_Pa,91787,0.9925255942246177,0.8856714831102305,0.998354886857616,0.9386433941777805,0.9999064524808573,0.9566919803619385,0.9970782399177551
sub-1191,CC_Pr_Po,170621,0.974008658581248,0.9985156092959968,0.7569642658289425,0.8611213900195688,0.9986984794034328,0.8406574726104736,0.981456458568573
sub-1191,CG_L,7307,0.9999975043720283,1.0,0.9994525797180785,0.9997262149212868,1.0,0.9997702240943909,0.9999701976776123
sub-1191,CG_R,11009,0.999999376093007,0.9999091734786558,1.0,0.9999545846768699,1.0,0.999384343624115,0.9999701976776123
sub-1191,FAT_L,108047,0.9999975043720283,0.9999629804444198,1.0,0.9999814898795917,1.0,0.9995419979095459,0.9999870657920837
sub-1191,FAT_R,90016,0.9999975043720283,0.9999666733320003,0.9999888908638465,0.9999777819745159,0.9999999997870388,0.9992018342018127,0.9999793767929077
sub-1191,FPT_L,15382,0.9954666917893216,1.0,0.5276296970484983,0.6907821942292961,0.999998425896602,0.8664917349815369,0.8247323632240295
sub-1191,FPT_R,30216,0.996498633955639,1.0,0.814270585120466,0.8976286026997446,0.999999797379012,0.9517754316329956,0.9764419198036194
sub-1191,IFOF_L,65796,0.999980034976226,1.0,0.999513648246094,0.9997567649741563,1.0,0.9997907876968384,0.9999948143959045
sub-1191,IFOF_R,71434,0.9999532069755297,1.0,0.9989500797939357,0.999474764169112,0.9999999993235326,0.9995644688606262,0.9999886155128479
sub-1191,ILF_L,42755,0.999979411069233,0.9992520918057308,0.9999766109226991,0.9996142200815983,0.9999999964017912,0.9978529810905457,0.9998952150344849
sub-1191,ILF_R,43069,0.9997916150643591,0.9952026698185358,0.9970512433536882,0.9961260989584542,0.9999985851682123,0.9931694865226746,0.9996083974838257
sub-1191,MCP,53850,1.0,1.0,1.0,1.0,1.0,1.0,1.0
sub-1191,MdLF_L,12301,0.999999376093007,1.0,0.9999187057962767,0.9999593512458843,1.0,0.9998998641967773,0.9999922513961792
sub-1191,MdLF_R,23321,0.9999201399049041,0.9945413450466971,1.0,0.9972632029078469,0.9999999647347229,0.9781398773193359,0.9985231757164001
sub-1191,OR_ML_L,23136,0.999999376093007,0.9999567791848554,1.0,0.9999783891254079,0.9999999999179143,0.9996761679649353,0.9999880790710449
sub-1191,OR_ML_R,14834,0.9999170203699395,1.0,0.9910341108264797,0.9954968681225664,0.9999999716844149,0.9873126745223999,0.9991729855537415
sub-1191,SLF_L,12921,0.9994528335671945,0.9409137501830429,0.994582462657689,0.9670040257346025,0.9999914683274581,0.9613311290740967,0.9949455857276917
sub-1191,SLF_R,62958,0.9988819586686574,0.9823969210385186,0.9892626830585469,0.9858178479850581,0.9999563557481735,0.9877547025680542,0.9993606209754944
sub-1191,UF_L,2855,1.0,1.0,1.0,1.0,1.0,1.0,1.0
sub-1191,UF_R,3524,1.0,1.0,1.0,1.0,1.0,1.0,1.0
sub-1263,AF_L,21133,1.0,1.0,1.0,1.0,1.0,1.0,1.0
sub-1263,AF_R,659,1.0,1.0,1.0,1.0,1.0,1.0,1.0
sub-1263,CC_Oc,35914,1.0,1.0,1.0,1.0,1.0,1.0,1.0
sub-1263,CG_L,13183,1.0,1.0,1.0,1.0,1.0,1.0,1.0
sub-1263,CG_R,10569,1.0,1.0,1.0,1.0,1.0,1.0,1.0
sub-1263,FAT_L,133496,0.9998241549195159,1.0,0.998681608437706,0.9993403693931399,1.0,0.9958925843238831,0.9999151229858398
sub-1263,FAT_R,49281,1.0,1.0,1.0,1.0,1.0,1.0,1.0
sub-1263,FPT_L,69036,0.9942530630514517,0.934595099439622,0.98565965583174,0.9594484081103184,0.9996702849871903,0.9657459259033203,0.9975218176841736
sub-1263,FPT_R,86600,0.9768893604734229,0.8126212922737437,0.952540415704388,0.8770353674160469,0.9961581977958965,0.9812861680984497,0.9992021918296814
sub-1263,ILF_L,25642,0.9994524823630382,0.9822430624951957,0.996646127447157,0.9893921796360821,0.999994536866818,0.9779974222183228,0.9961658120155334
sub-1263,ILF_R,46619,0.9999860123231433,1.0,0.9996996932581137,0.9998498240796362,0.9999999996628209,0.999481737613678,0.9999809861183167
sub-1263,MCP,64639,1.0,1.0,1.0,1.0,1.0,1.0,1.0
sub-1263,MdLF_L,18336,0.9995374075439538,1.0,0.9747491273996509,0.9872131238089977,0.9999999938942975,0.9898537397384644,0.999014139175415
sub-1263,MdLF_R,30374,0.9999870114429188,0.9995721854740514,1.0,0.9997860469709189,0.9999999987109109,0.9987406134605408,0.9999464154243469
sub-1263,POPT_L,76205,0.9418602211451711,0.6009934517402225,0.7033527983728102,0.6481567697972659,0.9751678415167842,0.924246072769165,0.9931016564369202
sub-1263,POPT_R,51585,0.9611742055249325,0.5891643426713566,0.8149849762527867,0.6839159929072245,0.9844966286823029,0.9307296276092529,0.9940866231918335
sub-1263,PYT_L,91631,0.9361132841966228,0.6848824786324786,0.5596795844201198,0.6159833284287525,0.9726462202838897,0.8306072354316711,0.9707815647125244
sub-1263,PYT_R,101154,0.9380635659983555,0.794587113177175,0.5221444530122388,0.6301804623415361,0.9767126790685974,0.7843375205993652,0.9519663453102112
sub-1263,UF_L,34472,1.0,1.0,1.0,1.0,1.0,1.0,1.0
sub-1263,UF_R,40353,1.0,1.0,1.0,1.0,1.0,1.0,1.0
sub-1149,AF_L,44827,0.9999753332595983,1.0,0.999308452495148,0.9996541066467313,0.9999999986562853,0.9975360631942749,0.9999000430107117
sub-1149,AF_R,16481,0.9989059107079912,0.994954128440367,0.9212426430435047,0.9566806338804701,0.9998149065464854,0.9679386019706726,0.9915237426757812
sub-1149,CC_Fr_1,72254,0.9705431377526054,0.7563889859122133,0.7193096575968112,0.7373834825418896,0.9915062033900693,0.8978945016860962,0.937248170375824
sub-1149,CC_Fr_2,300258,0.9588001779188114,0.9298337265864477,0.8951002138161182,0.9121364330561683,0.9945925379981941,0.9156142473220825,0.9897124767303467
sub-1149,CC_Oc,101895,0.9537530445521116,0.6416762683997256,0.9728642229746307,0.7733022337848748,0.9838306335290936,0.9804419279098511,0.9996230006217957
sub-1149,CC_Pa,167653,0.8741550646785804,0.5220760866027885,0.6698180169755388,0.5867903331156107,0.9214012626467275,0.8004190325737,0.9173162579536438
sub-1149,CC_Pr_Po,167683,0.9086590602926748,0.8209110987064049,0.4034278966860087,0.540991407059087,0.9661093905208181,0.6667719483375549,0.8059312701225281
sub-1149,CG_L,29672,1.0,1.0,1.0,1.0,1.0,1.0,1.0
sub-1149,CG_R,14732,0.9999984085973934,1.0,0.9998642411077926,0.9999321159459643,1.0,0.9997251629829407,0.9999855160713196
sub-1149,FPT_L,14870,0.9989632012018272,0.9202651632488693,0.9989240080699395,0.9579826513172746,0.9999438796116158,0.9742026329040527,0.9965007305145264
sub-1149,FPT_R,12336,0.9988701041493436,0.90339985218034,0.9908398184176395,0.9451016778782958,0.9999378116062198,0.9730090498924255,0.9957199692726135
sub-1149,FX_L,64,1.0,1.0,1.0,1.0,1.0,1.0,1.0
sub-1149,FX_R,79,1.0,1.0,1.0,1.0,1.0,1.0,1.0
sub-1149,IFOF_L,35666,0.9999578278309262,1.0,0.998513990915718,0.9992564429916244,0.9999999954995592,0.9994296431541443,0.9999793767929077
sub-1149,IFOF_R,48815,0.999794709063754,1.0,0.9947147393219298,0.9973503676621616,0.9999999987619878,0.9988163709640503,0.9999544024467468
sub-1149,ILF_L,16452,0.9992170299175733,0.9980038634900193,0.9420739119863847,0.9692326933900319,0.9999913838384038,0.9829971194267273,0.9982350468635559
sub-1149,ILF_R,6619,0.9986966412652287,0.8022818303192135,0.9986402779876115,0.8897563602099879,0.9999894298685766,0.9397287368774414,0.9513075947761536
sub-1149,MdLF_L,19802,0.9996021493483604,0.9753718845433947,1.0,0.9875324157191303,0.9999997238723212,0.9808403253555298,0.9980112314224243
sub-1149,MdLF_R,35386,0.9989106849158108,1.0,0.9613123834284746,0.9802746278979295,0.9999999868114454,0.9931279420852661,0.9995755553245544
sub-1149,OR_ML_L,17835,0.9995591814779834,0.9700777977259126,0.99977572189515,0.9847028937486194,0.999999418811531,0.9241508841514587,0.9933378100395203
sub-1149,OR_ML_R,19839,0.9999626020387459,0.998639524337398,0.9989918846716064,0.9988156734282474,0.9999999139741542,0.9908051490783691,0.9995790719985962
sub-1149,POPT_L,4315,0.9879379639435911,0.21953238154355473,0.9835457705677868,0.3589461665327526,0.9995075840002864,0.7417132258415222,0.7727320790290833
sub-1149,POPT_R,4122,0.9940529284592915,0.35546740255260434,1.0,0.524494210459346,0.9999961617904538,0.6986483335494995,0.6889523267745972
sub-1149,PYT_L,47836,0.9869576599379513,0.9994916923467929,0.6576845890124592,0.793337788256654,0.9998355466277133,0.8596922159194946,0.9432334899902344
sub-1149,PYT_R,22579,0.9929230326086351,0.9918769319243764,0.6110988086274857,0.756261989586188,0.9997400121053951,0.8554388880729675,0.9488467574119568
sub-1149,SLF_L,1348,0.9999753332595983,0.977519941986947,1.0,0.9886321965529886,0.9999995633125688,0.9829155802726746,0.992891788482666
sub-1149,SLF_R,32065,0.9989059107079912,0.9610046265697291,0.997598627787307,0.9789597710823094,0.9999411452808143,0.9886764287948608,0.9992073774337769
sub-1149,UF_L,358,1.0,1.0,1.0,1.0,1.0,1.0,1.0
sub-1149,UF_R,912,1.0,1.0,1.0,1.0,1.0,1.0,1.0
sub-1222,AF_L,49504,0.9999249210683336,0.9984671238402582,1.0,0.9992329740422268,0.9999997307843079,0.9968923330307007,0.9998965859413147
sub-1222,AF_R,2605,1.0,1.0,1.0,1.0,1.0,1.0,1.0
sub-1222,CC_Fr_1,38802,0.9922401972600141,0.8551656069961209,0.9601824648214009,0.9046364530345155,0.9992303619532675,0.8934706449508667,0.9912358522415161
sub-1222,CC_Fr_2,101017,0.9922392093793343,0.9839482187198055,0.9375253670174327,0.9601760042176126,0.9996637770930187,0.932633101940155,0.993196427822113
sub-1222,CC_Oc,64367,0.9797277005694144,0.7669889906469213,0.9784361551726817,0.8599048327746639,0.9978512826641324,0.974972128868103,0.9992690086364746
sub-1222,CC_Pa,98297,0.9797277005694144,0.9827688946270732,0.8053551990396451,0.8852607506891288,0.9985354743937424,0.8814538717269897,0.9712497591972351
sub-1222,CG_L,23611,1.0,1.0,1.0,1.0,1.0,1.0,1.0
sub-1222,CG_R,20106,1.0,1.0,1.0,1.0,1.0,1.0,1.0
sub-1222,FAT_L,31942,0.9999990121193202,0.999968694236609,1.0,0.999984346873288,1.0,0.9996870160102844,0.9999859929084778
sub-1222,FAT_R,35620,1.0,1.0,1.0,1.0,1.0,1.0,1.0
sub-1222,FPT_L,17324,0.994364140721627,0.7545012485214877,0.9941699376587393,0.8579113845234241,0.9996248735639256,0.9300104975700378,0.987932026386261
sub-1222,FPT_R,56584,0.9916543840168809,0.8719018480746646,0.9972076912201329,0.9303544929925803,0.9996223395761996,0.9457907676696777,0.9949272274971008
sub-1222,ILF_L,79228,0.9968980546653653,0.9951711571000911,0.9650502347654869,0.9798792756539235,0.9999514844204734,0.9898979663848877,0.999691367149353
sub-1222,ILF_R,68603,0.9898238411171745,0.8811285725492247,0.98237686398554,0.9290021986504835,0.9988562340423827,0.9744822978973389,0.9988712072372437
sub-1222,MCP,22527,1.0,1.0,1.0,1.0,1.0,1.0,1.0
sub-1222,MdLF_L,26371,0.9996384356711859,0.999807803190467,0.9863107201092108,0.9930134005268583,0.999999452076972,0.983889102935791,0.9989725351333618
sub-1222,MdLF_R,63560,0.9898445866114507,0.9786545924967659,0.8569540591567023,0.9137699637632533,0.9991219575631238,0.9551582932472229,0.9908049702644348
sub-1222,OR_ML_L,21240,0.9975935226639585,0.8974803415912742,0.999482109227872,0.9457388515169065,0.99998596358981,0.9508018493652344,0.991878867149353
sub-1222,OR_ML_R,1194,0.9999901211932019,0.9916943521594684,1.0,0.9958298582151793,0.9999999991716522,0.9744358658790588,0.9951483607292175
sub-1222,POPT_L,11398,0.990649709365504,0.5799884134734752,0.6148447095981752,0.5969081384949534,0.9935503852041776,0.8800429105758667,0.9518705010414124
sub-1222,POPT_R,7839,0.9938000608534499,0.5723276260990282,0.7888761321597142,0.6633769577343918,0.9966571050820254,0.8967916965484619,0.9750608801841736
sub-1222,PYT_L,71872,0.985013850087131,0.931627184702515,0.8514164069456812,0.8897176422693303,0.9968646364674868,0.8909358382225037,0.9878599047660828
sub-1222,PYT_R,55805,0.9854544448703307,0.9594470664549176,0.7686408027954484,0.8535100286532952,0.998046117061662,0.8326764106750488,0.9790135622024536
sub-1222,SLF_L,7830,0.9999249210683336,1.0,0.9902937420178799,0.9951232032854209,0.9999999506659433,0.995218813419342,0.9994365572929382
sub-1222,SLF_R,3630,1.0,1.0,1.0,1.0,1.0,1.0,1.0
sub-1222,UF_L,7060,1.0,1.0,1.0,1.0,1.0,1.0,1.0
sub-1222,UF_R,24332,1.0,1.0,1.0,1.0,1.0,1.0,1.0
sub-1235,AF_L,28986,0.9999763052265931,0.9996551248448062,1.0,0.9998275326825566,0.9999999969279084,0.9993560314178467,0.9999765157699585
sub-1235,AF_R,3991,0.999011927948933,0.9053992740471869,1.0,0.9503512322895583,0.9999753603673345,0.9274067282676697,0.9891852140426636
sub-1235,FPT_L,40269,0.9719074766488008,0.79571615911409,0.9492910179045916,0.8657456686671952,0.9951707446231735,0.9504182934761047,0.9938620328903198
sub-1235,FPT_R,14243,0.991557552235128,0.8286558345642541,0.9453064663343397,0.8831458463153061,0.9987319054824189,0.9294776916503906,0.9825108051300049
sub-1235,ILF_L,48861,0.9999170682930759,1.0,0.999283682282393,0.999641712817468,0.9999999984643739,0.9992465972900391,0.9999676942825317
sub-1235,ILF_R,92331,0.9982939763147045,0.9998035942256702,0.9923969197777561,0.9960864886018981,0.9999968174524662,0.9882621169090271,0.9994354248046875
sub-1235,MCP,61649,1.0,1.0,1.0,1.0,1.0,1.0,1.0
sub-1235,MdLF_L,4225,1.0,1.0,1.0,1.0,1.0,1.0,1.0
sub-1235,MdLF_R,5599,0.9983366269068369,0.8887124940466741,0.9998213966779782,0.9409984871406959,0.9999802714384926,0.9596483111381531,0.9881285429000854
sub-1235,OR_ML_L,5401,0.9999952610453187,0.9996298352766981,1.0,0.9998148833765272,1.0,0.9988793730735779,0.9999051094055176
sub-1235,OR_ML_R,9793,0.999954979930527,0.9997954591941092,0.9982640661697131,0.9990291758213683,0.999999848900545,0.9973971843719482,0.9997761249542236
sub-1235,POPT_L,12793,0.9824398034281598,0.64567994802945,0.9323067302431017,0.7629617783463938,0.9941390337665916,0.9475035667419434,0.9932863116264343
sub-1235,POPT_R,13626,0.9891383158702853,0.7579596028757275,0.9749009247027741,0.8528505392912172,0.9975765450161286,0.9775740504264832,0.9977715611457825
sub-1235,PYT_L,23217,0.9543472800769606,0.7022322342822036,0.29538700090450964,0.4158505896977231,0.97824503666108,0.7434375882148743,0.878804624080658
sub-1235,PYT_R,20691,0.9807006070600947,0.924310064935065,0.6604320719153255,0.7704016913319239,0.9961458585776363,0.7533600330352783,0.9282032251358032
sub-1235,SLF_L,778,0.9999763052265931,1.0,0.987146529562982,0.9935316946959897,0.9999999237193629,0.9973363876342773,0.9990472197532654
sub-1235,SLF_R,11718,0.999011927948933,1.0,0.9644137224782386,0.9818845301707285,0.999994596390993,0.9794602394104004,0.9974366426467896
sub-1235,UF_L,11763,1.0,1.0,1.0,1.0,1.0,1.0,1.0
sub-1235,UF_R,12100,1.0,1.0,1.0,1.0,1.0,1.0,1.0
sub-1245,AF_L,3408,1.0,1.0,1.0,1.0,1.0,1.0,1.0
sub-1245,AF_R,1064,0.9999782377230533,0.9752520623281393,1.0,0.9874709976798144,1.0,0.9577717781066895,0.9912479519844055
sub-1245,CC_Fr_1,65497,0.9932158116644192,0.8861244148605135,1.0,0.9396245633414867,0.9999972327137583,0.9391017556190491,0.9772042036056519
sub-1245,CC_Fr_2,228392,0.9711496688506858,0.9998390947783661,0.8434139549546394,0.9149891224836837,0.9996195409889681,0.8860723972320557,0.982595682144165
sub-1245,CC_Oc,73280,0.9914587093035346,0.8736602405903883,1.0,0.9325706140992766,0.9999809904435653,0.8571134209632874,0.9554590582847595
sub-1245,CC_Pa,160967,0.933262350696675,0.6756033014777573,0.9341479930669019,0.7841130121449468,0.9810377681418612,0.9049881100654602,0.9912192821502686
sub-1245,CC_Pr_Po,194747,0.9197374985794069,0.8175090915156975,0.6291034008226057,0.711037340545309,0.9746388378097911,0.7899724245071411,0.905473530292511
sub-1245,CG_L,20750,0.9999991939897427,0.9999518095513469,1.0,0.9999759041950796,1.0,0.9983839392662048,0.999953031539917
sub-1245,CG_R,6651,1.0,1.0,1.0,1.0,1.0,1.0,1.0
sub-1245,FPT_L,23964,0.9993777600813748,0.9834889926617745,0.9843097980303789,0.9838992241595061,0.9999839939546019,0.9813095927238464,0.9979227185249329
sub-1245,FPT_R,14468,0.9969782675454327,0.795110401409614,0.9980646944982029,0.8851022096907659,0.9999025195325196,0.9163995981216431,0.9766426086425781
sub-1245,FX_L,163,1.0,1.0,1.0,1.0,1.0,1.0,1.0
sub-1245,FX_R,56,1.0,1.0,1.0,1.0,1.0,1.0,1.0
sub-1245,IFOF_L,93525,0.9999967759589709,0.9999679237011772,0.9999893076717455,0.9999786155721404,0.9999999995153213,0.9997293949127197,0.9999946355819702
sub-1245,IFOF_R,57068,0.9999983879794855,1.0,0.9999649540898577,0.9999824767378696,0.9999999998963673,0.9999913573265076,0.9999997615814209
sub-1245,ILF_L,7156,0.9999258470563296,1.0,0.9871436556735607,0.9935302390998594,0.9999999987538363,0.9924658536911011,0.9991933107376099
sub-1245,ILF_R,14277,0.9999983879794855,0.9998599341690595,1.0,0.999929962179577,0.9999999999428876,0.9996949434280396,0.9999826550483704
sub-1245,MCP,51240,1.0,1.0,1.0,1.0,1.0,1.0,1.0
sub-1245,OR_ML_L,5260,0.9999266530665869,0.9829938329284246,1.0,0.9914239939685232,0.9999999952295244,0.953095555305481,0.9955975413322449
sub-1245,OR_ML_R,6848,0.9999967759589709,0.9997079439252337,0.9997079439252337,0.9997079439252337,0.9999999972778728,0.9988939166069031,0.9999235272407532
sub-1245,POPT_L,28293,0.9784577638535028,0.518572987333365,0.7726999611211254,0.6206299413776951,0.9895027879839534,0.8969249725341797,0.9827268123626709
sub-1245,POPT_R,55323,0.959917915915398,0.5391769616494383,0.6958046382155704,0.607558575408193,0.980778608946663,0.8989875912666321,0.9699891209602356
sub-1245,PYT_L,35190,0.9778355239348776,0.6804975357897207,0.4119920431940892,0.5132489600849632,0.9887738605105888,0.7596591711044312,0.8699708580970764
sub-1245,PYT_R,61599,0.9568994075018599,0.5971076849527908,0.4055260637348009,0.48301332250517237,0.9797251914473976,0.713222861289978,0.896372377872467
sub-1245,SLF_L,85,1.0,1.0,1.0,1.0,1.0,1.0,1.0
sub-1245,SLF_R,1324,0.9999782377230533,1.0,0.979607250755287,0.9896985883250667,1.0,0.985986590385437,0.9965971112251282
sub-1245,UF_L,9285,0.9999983879794855,1.0,0.9997845988152935,0.9998922878069797,1.0,0.9994217753410339,0.9999552965164185
sub-1245,UF_R,20799,1.0,1.0,1.0,1.0,1.0,1.0,1.0
sub-1232,CC_Fr_1,34535,0.988954068184184,0.6773826569640861,1.0,0.8076662223157698,0.9999999997412,0.763731837272644,0.7973372936248779
sub-1232,CC_Fr_2,154586,0.9887002159087475,0.9972710733778047,0.8935996791430013,0.9425933634025015,0.9991114210009345,0.9296133518218994,0.9808748960494995
sub-1232,CC_Oc,39382,0.990969440349752,0.7454710659321938,0.9999746076887919,0.8541682482187205,0.999915854177689,0.9369297027587891,0.9889581799507141
sub-1232,CC_Pa,105455,0.963943574951899,0.6961553327421959,0.8710540040775686,0.7738454280467052,0.9904579405040747,0.9031232595443726,0.9876880645751953
sub-1232,CC_Pr_Po,110500,0.9727196107598444,0.997834202502066,0.6337556561085973,0.7751740627179243,0.9977712624362343,0.8371098637580872,0.9419780969619751
sub-1232,CG_L,8237,1.0,1.0,1.0,1.0,1.0,1.0,1.0
sub-1232,CG_R,6288,0.9999993284331338,0.9998409922086182,1.0,0.9999204897829371,1.0,0.9992206692695618,0.999949038028717
sub-1232,FAT_L,55782,1.0,1.0,1.0,1.0,1.0,1.0,1.0
sub-1232,FAT_R,69210,1.0,1.0,1.0,1.0,1.0,1.0,1.0
sub-1232,FPT_L,54649,0.9942883238026802,0.8793364243201474,0.9786638364837417,0.9263451429363216,0.9994831884229165,0.9790211915969849,0.9986667633056641
sub-1232,FPT_R,31470,0.9928672883137292,0.7483620422652658,0.998125198601843,0.8553844478030581,0.9990124446143819,0.9763956665992737,0.9981999397277832
sub-1232,IFOF_L,30652,0.9999993284331338,1.0,0.9999673757014225,0.9999836875846206,0.9999999999105205,0.9999771118164062,0.9999992251396179
sub-1232,IFOF_R,56114,0.9999496324850324,0.9986652191710121,1.0,0.9993321638780799,1.0,0.9995624423027039,0.9999884963035583
sub-1232,ILF_L,94084,0.9997011527445259,0.9992322702408752,0.9960354576761192,0.9976313029962687,0.9999986345670399,0.990951418876648,0.9997062087059021
sub-1232,ILF_R,120714,0.9945153134034673,0.981995871555704,0.9497572775320178,0.965607563219843,0.9995915418062614,0.9801628589630127,0.9989602565765381
sub-1232,MCP,45109,1.0,1.0,1.0,1.0,1.0,1.0,1.0
sub-1232,MdLF_L,95699,0.9998012162075948,0.9976422721819415,0.9992685399011484,0.9984547438320265,0.9999991112529399,0.9957689642906189,0.9998942017555237
sub-1232,MdLF_R,69229,0.9985292685629477,0.9999701683993855,0.9683947478657788,0.9839292004226841,0.9999980962352903,0.9831339716911316,0.9986498951911926
sub-1232,OR_ML_L,4262,0.9998992649700649,0.9664246823956443,0.999530736743313,0.9826989619377162,0.9999999119811199,0.9478759765625,0.9919429421424866
sub-1232,OR_ML_R,224,0.9959195597207625,0.035555555555555556,1.0,0.06866952789699571,0.9999981109340146,0.39337030053138733,0.14248248934745789
sub-1232,POPT_L,36122,0.9788738495220123,0.5428676470588235,0.8175627041692044,0.6524822695035462,0.9904187153138162,0.9433905482292175,0.9929323196411133
sub-1232,POPT_R,31305,0.9892945525853646,0.7236520321416094,0.7939945695575786,0.7571931214110551,0.9966368386166158,0.9471782445907593,0.9904579520225525
sub-1232,PYT_L,78254,0.9731621733246925,0.8558444696392394,0.5884299844097426,0.6973806765260455,0.9925592776423111,0.8095359802246094,0.9387123584747314
sub-1232,PYT_R,67692,0.9821645271665587,0.8798714491522294,0.7037463806653667,0.7820148726956351,0.9957144041721433,0.7923967838287354,0.9533929228782654
sub-1232,SLF_L,7016,0.9999556765868286,1.0,0.9905929304446979,0.9952742374337678,1.0,0.99651038646698,0.999418318271637
sub-1232,SLF_R,27698,0.9996245941217752,1.0,0.9798180374034227,0.9898061527800572,0.9999982001235066,0.9868517518043518,0.9989553689956665
sub-1232,UF_L,33578,1.0,1.0,1.0,1.0,1.0,1.0,1.0
sub-1232,UF_R,21209,1.0,1.0,1.0,1.0,1.0,1.0,1.0
sub-1178,AF_L,46557,1.0,1.0,1.0,1.0,1.0,1.0,1.0
sub-1178,AF_R,13435,0.9995065315198467,0.9426085736336209,1.0,0.9704565154579601,0.9999989740644816,0.9760880470275879,0.9942484498023987
sub-1178,CC_Fr_1,136497,0.9765306873448862,0.7781996681888929,1.0,0.875266914183483,0.9977483233610775,0.9492396116256714,0.9929018616676331
sub-1178,CC_Fr_2,254763,0.9765306873448862,1.0,0.8472933667761802,0.917334931218685,0.9986443981413385,0.8926624655723572,0.940467119216919
sub-1178,CC_Oc,69858,0.9978662615962076,0.9519441756504436,0.9998425377193736,0.9753056251789068,0.9999937145157773,0.9549528360366821,0.9975085258483887
sub-1178,CC_Pa,102965,0.9691147851119715,0.6759499694106451,0.9657553537609868,0.7952734179746076,0.9870533421395379,0.9248203039169312,0.9948171377182007
sub-1178,CC_Pr_Po,72099,0.9712485235157639,1.0,0.3389644793963855,0.50630839669353,0.9918277629573373,0.6874027848243713,0.7135317921638489
sub-1178,CG_L,17982,1.0,1.0,1.0,1.0,1.0,1.0,1.0
sub-1178,CG_R,18444,1.0,1.0,1.0,1.0,1.0,1.0,1.0
sub-1178,FAT_L,110081,1.0,1.0,1.0,1.0,1.0,1.0,1.0
sub-1178,FAT_R,107763,1.0,1.0,1.0,1.0,1.0,1.0,1.0
sub-1178,FPT_L,19045,0.9998437550900248,0.9865830915872358,1.0,0.993246238493833,0.9999994613921911,0.9854863882064819,0.9979824423789978
sub-1178,FPT_R,32777,0.9943082211366184,0.8275794319074885,0.899563718461116,0.8620714860024852,0.998824408044432,0.9512548446655273,0.9894993901252747
sub-1178,IFOF_L,65355,0.9999945706401939,1.0,0.9998622905669038,0.9999311405421535,1.0,0.9999315738677979,0.9999982714653015
sub-1178,IFOF_R,88309,0.9999921575913913,1.0,0.9998527896363903,0.9999263894000736,0.9999999999350591,0.9993003010749817,0.9999842047691345
sub-1178,ILF_L,64772,0.9994787814586156,0.9872224932910466,0.9995985919841907,0.9933719966859983,0.9999977477110937,0.9730623364448547,0.9978278279304504
sub-1178,ILF_R,29752,0.9998383257302187,0.9911380597014925,0.9999327776283947,0.9955159951813679,0.9999997392911593,0.9961010813713074,0.9997650980949402
sub-1178,MCP,103877,1.0,1.0,1.0,1.0,1.0,1.0,1.0
sub-1178,MdLF_L,23102,0.9995379011542819,1.0,0.9668426976019392,0.9831418636383643,0.9999998219346639,0.9851820468902588,0.9986515641212463
sub-1178,MdLF_R,6513,0.9999987934755986,0.9998464609243052,0.9998464609243052,0.9998464609243052,0.999999997396289,0.9994816780090332,0.9999468326568604
sub-1178,OR_ML_L,26423,0.9999444998775378,0.9989388714139539,0.9975778677667184,0.9982579056996781,0.9999997433530762,0.9882324934005737,0.9995682835578918
sub-1178,OR_ML_R,22249,0.999562031642309,0.9794609044330586,0.9880893523304418,0.9837562088870989,0.9999851418366906,0.9442773461341858,0.9945764541625977
sub-1178,POPT_L,53188,0.9709674033302487,0.5432753137502992,0.5973903888095059,0.5690491967691674,0.9868846865034892,0.8911187052726746,0.9621909260749817
sub-1178,POPT_R,9515,0.9921859447146388,0.42022461481343976,0.9516552811350499,0.5830087242056466,0.999275808560113,0.740850567817688,0.8312219977378845
sub-1178,PYT_L,63311,0.9708117616824742,0.629231381919554,0.5739918813476331,0.6003436199035221,0.9885677979151032,0.8441265821456909,0.9374403953552246
sub-1178,PYT_R,39254,0.986772269725769,0.8623227803103174,0.5252713099301982,0.652861553075279,0.9976342471362412,0.7907172441482544,0.9179791212081909
sub-1178,SLF_L,859,1.0,1.0,1.0,1.0,1.0,1.0,1.0
sub-1178,SLF_R,7321,0.9995053249954454,0.9989255564082886,0.8889495970495834,0.9407343162763805,0.9999993767633486,0.9816028475761414,0.996625542640686
sub-1178,UF_L,5290,1.0,1.0,1.0,1.0,1.0,1.0,1.0
sub-1178,UF_R,46298,1.0,1.0,1.0,1.0,1.0,1.0,1.0
sub-1281,AF_L,22218,0.9999674778617159,0.9984271783579742,1.0,0.9992129702502754,0.9999999080588368,0.9940860271453857,0.9997096061706543
sub-1281,AF_R,1331,0.9977411051951793,0.3484013230429989,0.9496619083395943,0.509780197620488,0.9995602935228597,0.7753215432167053,0.8872326612472534
sub-1281,CC_Oc,95717,1.0,1.0,1.0,1.0,1.0,1.0,1.0
sub-1281,CC_Pr_Po,96503,0.9873154368652376,1.0,0.8585432577225578,0.9238883777982214,0.9999999999999999,0.9036088585853577,0.9922245740890503
sub-1281,FAT_L,51853,0.9999944247762942,1.0,0.9998842882764739,0.9999421407907425,1.0,0.9997439384460449,0.9999883770942688
sub-1281,FAT_R,67253,0.999999070796049,0.9999851309959259,1.0,0.9999925654426907,1.0,0.9997588396072388,0.9999924898147583
sub-1281,FPT_L,55573,0.9861251266040383,0.9215958837320276,0.7993090169686718,0.8561076205527502,0.9966403914772158,0.9171578884124756,0.9624260067939758
sub-1281,FPT_R,23696,0.9896384467426755,0.7448378156836722,0.8052835921674544,0.7738821859474805,0.9970027773959816,0.9263292551040649,0.9812605977058411
sub-1281,IFOF_L,70140,0.9990903093319953,0.9993501898889546,0.9866837753065298,0.9929765910281152,0.9999925786743268,0.9972627758979797,0.9998482465744019
sub-1281,IFOF_R,28680,0.9999897787565393,1.0,0.9996164574616457,0.9998081919475492,0.9999999995007087,0.9998401999473572,0.9999931454658508
sub-1281,ILF_L,153630,0.9987585835214972,0.996103980715356,0.9951962507322788,0.9956499088304246,0.9999733107225481,0.9902591705322266,0.9995317459106445
sub-1281,ILF_R,31900,0.9999293804997259,0.999059089198344,0.9985579937304075,0.9988084786153267,0.9999995604399035,0.9965113401412964,0.9998484253883362
sub-1281,MCP,38176,1.0,1.0,1.0,1.0,1.0,1.0,1.0
sub-1281,MdLF_L,39430,0.9999888495525883,1.0,0.9996956632006087,0.9998478084415584,0.9999999999266135,0.999640703201294,0.9999853372573853
sub-1281,MdLF_R,30604,0.9999953539802451,1.0,0.9998366226637041,0.9999183046582684,1.0,0.9998667240142822,0.999995231628418
sub-1281,OR_ML_L,7915,0.9993337607671507,0.9182938168293817,0.9982312065698041,0.9565954355590532,0.9998674799007432,0.9408098459243774,0.9870284199714661
sub-1281,OR_ML_R,8215,0.9999135840325593,0.9904589371980677,0.9982958003651856,0.9943619278569263,0.999999241572377,0.9591189622879028,0.9961900115013123
sub-1281,POPT_L,37696,0.9680939239353645,0.5697901516725535,0.3637521222410866,0.44403426110328525,0.9815384278248861,0.7761368155479431,0.8706502318382263
sub-1281,POPT_R,22618,0.982314461201089,0.5646435140106026,0.6922362719957555,0.6219635728047351,0.9921608023951398,0.926763653755188,0.9856020212173462
sub-1281,PYT_L,53105,0.9542283425789126,0.5259479152610984,0.7339798512381132,0.6127893723224462,0.9762618375662164,0.8789577484130859,0.9763899445533752
sub-1281,PYT_R,43389,0.9719835716741467,0.6822311546720996,0.5711124939500795,0.6217460576331999,0.988462392626804,0.7990745306015015,0.9478587508201599
sub-1281,SLF_L,16031,0.9999767699012256,1.0,0.9984405214896138,0.9992196522770547,0.9999999619308954,0.997788667678833,0.9998401999473572
sub-1281,SLF_R,22638,0.9977401759912283,0.9967059980334316,0.8955296404275996,0.9434129089301503,0.9997822409452257,0.9243293404579163,0.9892274141311646
sub-1281,UF_L,24547,0.9996822122487665,0.9862589899152235,1.0,0.9930819645602394,1.0,0.9850749373435974,0.9965517520904541
sub-1281,UF_R,33332,1.0,1.0,1.0,1.0,1.0,1.0,1.0
