subject_id,tract,accuracy,precision,recall,F1,AUCROC,DICE,wDICE
sub-1049,AF_L,0.49750816822052,0.5,0.49750816822052,0.4987509548664093,0.0,0.7888790965080261,0.6249433159828186
sub-1049,AF_R,0.47025495767593384,0.5,0.47025495767593384,0.48467153310775757,0.0,0.957966148853302,0.8443442583084106
sub-1049,CC_Fr_1,0.45955216884613037,0.5,0.45955216884613037,0.47892358899116516,0.0,0.6214818954467773,0.6753458976745605
sub-1049,CC_Fr_2,0.2675429582595825,0.3333333432674408,0.2675429582595825,0.2968364357948303,0.0,0.6038163900375366,0.6272678971290588
sub-1049,CC_Oc,0.4938308596611023,0.5,0.4938308596611023,0.49689629673957825,0.0,0.5724049806594849,0.7247132658958435
sub-1049,CC_Pa,0.3773965835571289,0.5,0.3773965835571289,0.43013226985931396,0.0,0.6135268211364746,0.6916322112083435
sub-1049,CC_Pr_Po,0.2846308946609497,0.3333333432674408,0.2846308946609497,0.30706295371055603,0.0,0.5042123794555664,0.6341008543968201
sub-1049,CG_L,1.0,1.0,1.0,1.0,0.0,0.9012860059738159,0.8666263818740845
sub-1049,CG_R,1.0,1.0,1.0,1.0,0.0,0.8544039130210876,0.7670739889144897
sub-1049,FAT_L,1.0,1.0,1.0,1.0,0.0,0.7666003108024597,0.7019087672233582
sub-1049,FAT_R,0.4999748468399048,0.5,0.4999748468399048,0.4999874234199524,0.0,0.6968050003051758,0.6803538799285889
sub-1049,ILF_L,0.3290424048900604,0.3333333432674408,0.3290424048900604,0.33117398619651794,0.0,0.9049921631813049,0.7108228802680969
sub-1049,ILF_R,0.24893994629383087,0.25,0.24893994629383087,0.2494688481092453,0.0,0.737331211566925,0.7391624450683594
sub-1049,MCP,1.0,1.0,1.0,1.0,0.0,0.6903222799301147,0.8981372714042664
sub-1049,MdLF_L,1.0,1.0,1.0,1.0,0.0,1.0,1.0
sub-1049,MdLF_R,1.0,1.0,1.0,1.0,0.0,1.0,1.0
sub-1049,OR_ML_L,0.4999702572822571,0.5,0.4999702572822571,0.49998512864112854,0.0,0.6727440357208252,0.6748400330543518
sub-1049,OR_ML_R,0.4994952082633972,0.5,0.4994952082633972,0.49974748492240906,0.0,0.9994105696678162,0.9989957809448242
sub-1049,UF_L,1.0,1.0,1.0,1.0,0.0,1.0,1.0
sub-1049,UF_R,1.0,1.0,1.0,1.0,0.0,0.9647024869918823,0.9198555946350098
sub-1164,AF_L,0.4999217391014099,0.5,0.4999217391014099,0.49996086955070496,0.0,0.6663031578063965,0.6686579585075378
sub-1164,AF_R,1.0,1.0,1.0,1.0,0.0,1.0,1.0
sub-1164,CC_Fr_1,0.46873173117637634,0.5,0.46873173117637634,0.4838612377643585,0.0,0.47439509630203247,0.6824821829795837
sub-1164,CC_Fr_2,0.2733093500137329,0.3333333432674408,0.2733093500137329,0.3003518283367157,0.0,0.42501041293144226,0.6229801774024963
sub-1164,CC_Oc,1.0,1.0,1.0,1.0,0.0,0.5343111157417297,0.7348787784576416
sub-1164,CC_Pa,0.3136814832687378,0.3333333432674408,0.3136814832687378,0.3232089579105377,0.0,0.521579921245575,0.6794147491455078
sub-1164,CC_Pr_Po,0.3208440840244293,0.3333333432674408,0.3208440840244293,0.3269694745540619,0.0,0.4830666482448578,0.6739098429679871
sub-1164,CG_L,1.0,1.0,1.0,1.0,0.0,0.7229817509651184,0.8305449485778809
sub-1164,CG_R,1.0,1.0,1.0,1.0,0.0,0.6705882549285889,0.8121548891067505
sub-1164,FAT_L,1.0,1.0,1.0,1.0,0.0,0.580375611782074,0.6981001496315002
sub-1164,FAT_R,1.0,1.0,1.0,1.0,0.0,0.549235999584198,0.6964666843414307
sub-1164,FPT_L,0.49992281198501587,0.5,0.49992281198501587,0.49996140599250793,0.0,0.5343520045280457,0.6351975202560425
sub-1164,FPT_R,0.49145448207855225,0.5,0.49145448207855225,0.49569040536880493,0.0,0.4195654094219208,0.581286609172821
sub-1164,ILF_L,0.3332427442073822,0.3333333432674408,0.3332427442073822,0.3332880437374115,0.0,0.6014144420623779,0.701194167137146
sub-1164,ILF_R,0.49866560101509094,0.5,0.49866560101509094,0.49933192133903503,0.0,0.6629685759544373,0.6861695647239685
sub-1164,MCP,1.0,1.0,1.0,1.0,0.0,0.5853757262229919,0.8035179972648621
sub-1164,MdLF_L,0.4999886155128479,0.5,0.4999886155128479,0.49999430775642395,0.0,0.6371798515319824,0.7292727828025818
sub-1164,MdLF_R,1.0,1.0,1.0,1.0,0.0,0.5959052443504333,0.7062706351280212
sub-1164,POPT_L,0.1834619790315628,0.3333333432674408,0.1834619790315628,0.23666620254516602,0.0,0.4175164997577667,0.620540976524353
sub-1164,POPT_R,0.4776530861854553,0.5,0.4776530861854553,0.4885711371898651,0.0,0.4230213165283203,0.6674438118934631
sub-1164,PYT_L,0.13069377839565277,0.3333333432674408,0.13069377839565277,0.18776744604110718,0.0,0.41268813610076904,0.6145156621932983
sub-1164,PYT_R,0.1281549483537674,0.3333333432674408,0.1281549483537674,0.18513281643390656,0.0,0.4374547302722931,0.6652826070785522
sub-1164,SLF_L,0.49734899401664734,0.5,0.49734899401664734,0.4986709654331207,0.0,0.9099897146224976,0.8869539499282837
sub-1164,SLF_R,0.4995504915714264,0.5,0.4995504915714264,0.49977514147758484,0.0,0.6537505984306335,0.6723179221153259
sub-1047,AF_L,0.4999292492866516,0.5,0.4999292492866516,0.4999646246433258,0.0,0.9473810791969299,0.7511178255081177
sub-1047,AF_R,0.4586172103881836,0.5,0.4586172103881836,0.4784153699874878,0.0,0.9806504249572754,0.9541571736335754
sub-1047,CC_Fr_1,0.4895473122596741,0.5,0.4895473122596741,0.49471843242645264,0.0,0.6932822465896606,0.6447141170501709
sub-1047,CC_Fr_2,0.26986268162727356,0.3333333432674408,0.26986268162727356,0.2982586920261383,0.0,0.6494466066360474,0.5983448624610901
sub-1047,CC_Oc,0.48915964365005493,0.5,0.48915964365005493,0.4945204257965088,0.0,0.6447304487228394,0.6783546805381775
sub-1047,CC_Pa,0.2853921353816986,0.3333333432674408,0.2853921353816986,0.30750539898872375,0.0,0.7222120761871338,0.6800015568733215
sub-1047,CC_Pr_Po,0.2936287522315979,0.3333333432674408,0.2936287522315979,0.3122238218784332,0.0,0.5730364322662354,0.6509835720062256
sub-1047,FPT_L,0.49996134638786316,0.5,0.49996134638786316,0.4999806582927704,0.0,0.592510461807251,0.758802056312561
sub-1047,FPT_R,0.49768954515457153,0.5,0.49768954515457153,0.4988420903682709,0.0,0.7161486148834229,0.8353140354156494
sub-1047,MdLF_L,0.4991735517978668,0.5,0.4991735517978668,0.49958643317222595,0.0,0.9992059469223022,0.9983879923820496
sub-1047,MdLF_R,1.0,1.0,1.0,1.0,0.0,0.8495059609413147,0.7002880573272705
sub-1047,OR_ML_L,1.0,1.0,1.0,1.0,0.0,0.8110434412956238,0.8299548625946045
sub-1047,OR_ML_R,1.0,1.0,1.0,1.0,0.0,0.8609251379966736,0.8837470412254333
sub-1047,POPT_L,0.4994925856590271,0.5,0.4994925856590271,0.499746173620224,0.0,0.5318775177001953,0.6976222395896912
sub-1047,POPT_R,0.4992094039916992,0.5,0.4992094039916992,0.49960440397262573,0.0,0.6117109656333923,0.741078794002533
sub-1047,PYT_L,0.12818846106529236,0.3333333432674408,0.12818846106529236,0.1851678043603897,0.0,0.49908262491226196,0.6755606532096863
sub-1047,PYT_R,0.12100999802350998,0.3333333432674408,0.12100999802350998,0.17756028473377228,0.0,0.5987294912338257,0.49684497714042664
sub-1047,SLF_L,0.4999338388442993,0.5,0.4999338388442993,0.49996691942214966,0.0,0.9180846214294434,0.6207142472267151
sub-1047,SLF_R,0.4789857566356659,0.5,0.4789857566356659,0.48926734924316406,0.0,0.7748427987098694,0.6379696130752563
sub-1047,UF_L,1.0,1.0,1.0,1.0,0.0,1.0,1.0
sub-1047,UF_R,1.0,1.0,1.0,1.0,0.0,1.0,1.0
sub-1135,AF_L,0.4929710030555725,0.5,0.4929710030555725,0.49646061658859253,0.0,0.7299526929855347,0.823419451713562
sub-1135,AF_R,0.486458420753479,0.5,0.486458420753479,0.4931362569332123,0.0,0.5503100156784058,0.6047461032867432
sub-1135,CC_Oc,0.49857157468795776,0.5,0.49857157468795776,0.4992847740650177,0.0,0.6342589855194092,0.7118412256240845
sub-1135,CG_L,0.3321124315261841,0.3333333432674408,0.3321124315261841,0.3327217400074005,0.0,0.7491248846054077,0.7126426100730896
sub-1135,CG_R,0.32173362374305725,0.3333333432674408,0.32173362374305725,0.32743075489997864,0.0,0.8767985105514526,0.6531832814216614
sub-1135,FAT_L,0.3330335319042206,0.3333333432674408,0.3330335319042206,0.3331833779811859,0.0,0.5291152000427246,0.6324684619903564
sub-1135,FAT_R,0.49996376037597656,0.5,0.49996376037597656,0.4999818801879883,0.0,0.467482328414917,0.6708135008811951
sub-1135,FPT_L,1.0,1.0,1.0,1.0,0.0,0.5123815536499023,0.6918390989303589
sub-1135,FPT_R,1.0,1.0,1.0,1.0,0.0,0.5189551115036011,0.7657367587089539
sub-1135,FX_L,1.0,1.0,1.0,1.0,0.0,1.0,1.0
sub-1135,FX_R,1.0,1.0,1.0,1.0,0.0,1.0,1.0
sub-1135,IFOF_L,0.1952575147151947,0.20000000298023224,0.1952575147151947,0.19760030508041382,0.0,0.5688093900680542,0.6738362908363342
sub-1135,IFOF_R,0.23301106691360474,0.25,0.23301106691360474,0.24120676517486572,0.0,0.5811240673065186,0.6775813102722168
sub-1135,ILF_L,0.32375773787498474,0.3333333432674408,0.32375773787498474,0.3284757435321808,0.0,0.5440480709075928,0.7412365078926086
sub-1135,ILF_R,0.3212168514728546,0.3333333432674408,0.3212168514728546,0.3271629512310028,0.0,0.5593874454498291,0.5598419904708862
sub-1135,MCP,1.0,1.0,1.0,1.0,0.0,0.5987864136695862,0.8698951601982117
sub-1135,MdLF_L,1.0,1.0,1.0,1.0,0.0,0.6237611174583435,0.8028318285942078
sub-1135,MdLF_R,1.0,1.0,1.0,1.0,0.0,0.6641119718551636,0.6883195638656616
sub-1135,OR_ML_L,0.3274324834346771,0.3333333432674408,0.3274324834346771,0.33035656809806824,0.0,0.6204060912132263,0.6461063623428345
sub-1135,OR_ML_R,0.4962114095687866,0.5,0.4962114095687866,0.4980984926223755,0.0,0.6724578738212585,0.8247972726821899
sub-1135,POPT_L,0.3262006640434265,0.3333333432674408,0.3262006640434265,0.3297284245491028,0.0,0.3772546052932739,0.6534637808799744
sub-1135,POPT_R,0.4991256594657898,0.5,0.4991256594657898,0.49956244230270386,0.0,0.3066999912261963,0.5801683664321899
sub-1135,PYT_L,0.1645931452512741,0.3333333432674408,0.1645931452512741,0.22037141025066376,0.0,0.5568737983703613,0.7268788814544678
sub-1135,PYT_R,0.17059732973575592,0.3333333432674408,0.17059732973575592,0.2256888896226883,0.0,0.4379405677318573,0.6826139092445374
sub-1135,SLF_L,1.0,1.0,1.0,1.0,0.0,1.0,1.0
sub-1135,SLF_R,1.0,1.0,1.0,1.0,0.0,0.6306218504905701,0.6380325555801392
sub-1135,UF_L,0.49832776188850403,0.5,0.49832776188850403,0.4991624653339386,0.0,0.9986845254898071,0.9966569542884827
sub-1135,UF_R,1.0,1.0,1.0,1.0,0.0,1.0,1.0
sub-1146,AF_L,1.0,1.0,1.0,1.0,0.0,0.6744471192359924,0.7564161419868469
sub-1146,AF_R,0.49456948041915894,0.5,0.49456948041915894,0.4972699284553528,0.0,0.7296369075775146,0.8485715389251709
sub-1146,CC_Fr_1,0.4794725775718689,0.5,0.4794725775718689,0.48952117562294006,0.0,0.452816367149353,0.6689538955688477
sub-1146,CC_Fr_2,0.28429141640663147,0.3333333432674408,0.28429141640663147,0.30686530470848083,0.0,0.3120245933532715,0.618476390838623
sub-1146,CC_Oc,0.498911589384079,0.5,0.498911589384079,0.49945521354675293,0.0,0.49057987332344055,0.6776800751686096
sub-1146,CC_Pa,0.32396262884140015,0.3333333432674408,0.32396262884140015,0.32858118414878845,0.0,0.4229665994644165,0.7091590762138367
sub-1146,CC_Pr_Po,0.29547181725502014,0.3333333432674408,0.29547181725502014,0.3132627308368683,0.0,0.37588223814964294,0.6664387583732605
sub-1146,CG_L,1.0,1.0,1.0,1.0,0.0,0.8124188184738159,0.8618906140327454
sub-1146,CG_R,1.0,1.0,1.0,1.0,0.0,0.8533149361610413,0.7933515906333923
sub-1146,FAT_L,0.4996861219406128,0.5,0.4996861219406128,0.4998430013656616,0.0,0.5556979775428772,0.6488086581230164
sub-1146,FAT_R,1.0,1.0,1.0,1.0,0.0,0.550323486328125,0.6594739556312561
sub-1146,FPT_L,1.0,1.0,1.0,1.0,0.0,0.4690375328063965,0.6795716881752014
sub-1146,FPT_R,0.46218279004096985,0.5,0.46218279004096985,0.48034822940826416,0.0,0.5224559903144836,0.7067787051200867
sub-1146,MdLF_L,1.0,1.0,1.0,1.0,0.0,1.0,1.0
sub-1146,MdLF_R,0.42137593030929565,0.5,0.42137593030929565,0.4573333263397217,0.0,0.9193218350410461,0.8586867451667786
sub-1146,OR_ML_L,1.0,1.0,1.0,1.0,0.0,0.5784554481506348,0.7187284827232361
sub-1146,OR_ML_R,0.4989151954650879,0.5,0.4989151954650879,0.4994570016860962,0.0,0.6222120523452759,0.6507143378257751
sub-1146,POPT_L,0.47983062267303467,0.5,0.47983062267303467,0.48970770835876465,0.0,0.6335370540618896,0.7196534872055054
sub-1146,POPT_R,0.49164658784866333,0.5,0.49164658784866333,0.4957880973815918,0.0,0.3906259536743164,0.5871530175209045
sub-1146,PYT_L,0.1542542725801468,0.3333333432674408,0.1542542725801468,0.21090811491012573,0.0,0.44533097743988037,0.6940827965736389
sub-1146,PYT_R,0.16929499804973602,0.3333333432674408,0.16929499804973602,0.22454629838466644,0.0,0.4630686342716217,0.7097907066345215
sub-1146,SLF_L,0.49990618228912354,0.5,0.49990618228912354,0.49995309114456177,0.0,0.6379854083061218,0.7714487910270691
sub-1146,SLF_R,0.4998369514942169,0.5,0.4998369514942169,0.49991846084594727,0.0,0.7187359929084778,0.7040819525718689
sub-1115,AF_L,0.4372321367263794,0.5,0.4372321367263794,0.4665142297744751,0.0,0.6167272329330444,0.6457847356796265
sub-1115,AF_R,0.4732142984867096,0.5,0.4732142984867096,0.4862385392189026,0.0,0.9846090078353882,0.9538469910621643
sub-1115,CC_Fr_1,0.43970322608947754,0.5,0.43970322608947754,0.4679171144962311,0.0,0.4221692681312561,0.6311072707176208
sub-1115,CC_Fr_2,0.26299306750297546,0.3333333432674408,0.26299306750297546,0.29401466250419617,0.0,0.37004879117012024,0.5945553779602051
sub-1115,CC_Oc,0.4812938868999481,0.5,0.4812938868999481,0.4904686510562897,0.0,0.4700027406215668,0.7383671402931213
sub-1115,CC_Pa,0.26483824849128723,0.3333333432674408,0.26483824849128723,0.29516419768333435,0.0,0.4774366617202759,0.6803232431411743
sub-1115,CC_Pr_Po,0.3011288046836853,0.3333333432674408,0.3011288046836853,0.3164137303829193,0.0,0.40843015909194946,0.657502293586731
sub-1115,FPT_L,0.4998635947704315,0.5,0.4998635947704315,0.49993178248405457,0.0,0.47416549921035767,0.7162631154060364
sub-1115,FPT_R,0.4975121021270752,0.5,0.4975121021270752,0.4987529516220093,0.0,0.454570472240448,0.7131919860839844
sub-1115,IFOF_L,0.33263227343559265,0.3333333432674408,0.33263227343559265,0.33298245072364807,0.0,0.576936662197113,0.8187553286552429
sub-1115,IFOF_R,0.24341924488544464,0.25,0.24341924488544464,0.24666574597358704,0.0,0.5596408247947693,0.6701647043228149
sub-1115,ILF_L,0.33304062485694885,0.3333333432674408,0.33304062485694885,0.33318689465522766,0.0,0.4998422861099243,0.682114839553833
sub-1115,ILF_R,0.4994983673095703,0.5,0.4994983673095703,0.4997490644454956,0.0,0.5749597549438477,0.6919881105422974
sub-1115,MCP,1.0,1.0,1.0,1.0,0.0,0.6269744634628296,0.8735407590866089
sub-1115,MdLF_L,1.0,1.0,1.0,1.0,0.0,0.8343693614006042,0.782608687877655
sub-1115,MdLF_R,1.0,1.0,1.0,1.0,0.0,0.625973641872406,0.7832668423652649
sub-1115,OR_ML_L,0.49952757358551025,0.5,0.49952757358551025,0.4997636675834656,0.0,0.6996976137161255,0.6781802177429199
sub-1115,OR_ML_R,0.4992866516113281,0.5,0.4992866516113281,0.4996430575847626,0.0,0.7271886467933655,0.8034704327583313
sub-1115,POPT_L,1.0,1.0,1.0,1.0,0.0,0.8640055656433105,0.8053543567657471
sub-1115,POPT_R,0.19402606785297394,0.3333333432674408,0.19402606785297394,0.24527998268604279,0.0,0.48926472663879395,0.5673414468765259
sub-1115,PYT_L,0.1689140349626541,0.3333333432674408,0.1689140349626541,0.2242109328508377,0.0,0.45652979612350464,0.6347277760505676
sub-1115,PYT_R,0.17012415826320648,0.3333333432674408,0.17012415826320648,0.2252744436264038,0.0,0.4472593367099762,0.5842005014419556
sub-1115,SLF_L,0.4998586177825928,0.5,0.4998586177825928,0.4999293088912964,0.0,0.6596918106079102,0.6679046750068665
sub-1115,SLF_R,1.0,1.0,1.0,1.0,0.0,0.5989505648612976,0.6640097498893738
sub-1115,UF_L,1.0,1.0,1.0,1.0,0.0,1.0,1.0
sub-1115,UF_R,1.0,1.0,1.0,1.0,0.0,1.0,1.0
sub-1066,CC_Fr_1,0.49987706542015076,0.5,0.49987706542015076,0.4999385178089142,0.0,0.6612440347671509,0.7088450193405151
sub-1066,CC_Fr_2,0.33100810647010803,0.3333333432674408,0.33100810647010803,0.3321666419506073,0.0,0.5975030064582825,0.664561927318573
sub-1066,CC_Oc,0.2854105532169342,0.5,0.2854105532169342,0.3633902668952942,0.0,0.5728184580802917,0.7012173533439636
sub-1066,CC_Pa,0.17453701794147491,0.5,0.17453701794147491,0.2587508261203766,0.0,0.7201286554336548,0.6792222857475281
sub-1066,CC_Pr_Po,0.37330934405326843,0.5,0.37330934405326843,0.42746520042419434,0.0,0.5347099900245667,0.6964318156242371
sub-1066,CG_L,0.4940278232097626,0.5,0.4940278232097626,0.4969959855079651,0.0,0.963485598564148,0.7001952528953552
sub-1066,CG_R,0.46920081973075867,0.5,0.46920081973075867,0.4841110408306122,0.0,0.9222033619880676,0.9241788387298584
sub-1066,FPT_L,0.3038095235824585,0.3333333432674408,0.3038095235824585,0.31788739562034607,0.0,0.40462028980255127,0.5738561749458313
sub-1066,FPT_R,1.0,1.0,1.0,1.0,0.0,0.5201836824417114,0.7789369821548462
sub-1066,ILF_L,0.0945722684264183,0.25,0.0945722684264183,0.13723139464855194,0.0,0.601355791091919,0.7089181542396545
sub-1066,ILF_R,0.10348591953516006,0.3333333432674408,0.10348591953516006,0.15793858468532562,0.0,0.6756382584571838,0.7428276538848877
sub-1066,MCP,0.4987129867076874,0.5,0.4987129867076874,0.499355673789978,0.0,0.6704187989234924,0.8624833822250366
sub-1066,MdLF_L,1.0,1.0,1.0,1.0,0.0,0.758642315864563,0.8062361478805542
sub-1066,MdLF_R,0.49056604504585266,0.5,0.49056604504585266,0.4952380955219269,0.0,0.9896932244300842,0.9812077879905701
sub-1066,OR_ML_L,0.1570824533700943,0.3333333432674408,0.1570824533700943,0.21353644132614136,0.0,0.7325728535652161,0.767656147480011
sub-1066,OR_ML_R,0.3328443467617035,0.3333333432674408,0.3328443467617035,0.3330886662006378,0.0,0.7829590439796448,0.8218837380409241
sub-1066,SLF_L,1.0,1.0,1.0,1.0,0.0,1.0,1.0
sub-1066,SLF_R,1.0,1.0,1.0,1.0,0.0,0.8879094123840332,0.6880088448524475
sub-1066,UF_L,1.0,1.0,1.0,1.0,0.0,1.0,1.0
sub-1066,UF_R,1.0,1.0,1.0,1.0,0.0,1.0,1.0
sub-1080,AF_L,0.4998827576637268,0.5,0.4998827576637268,0.4999413788318634,0.0,0.9039013981819153,0.5816101431846619
sub-1080,AF_R,1.0,1.0,1.0,1.0,0.0,1.0,1.0
sub-1080,CC_Fr_1,0.42527973651885986,0.5,0.42527973651885986,0.45962288975715637,0.0,0.6444242596626282,0.6542426943778992
sub-1080,CC_Fr_2,0.30360308289527893,0.3333333432674408,0.30360308289527893,0.31777435541152954,0.0,0.5750882625579834,0.6194695234298706
sub-1080,CC_Oc,0.43685683608055115,0.5,0.43685683608055115,0.46630051732063293,0.0,0.5611642003059387,0.7143130898475647
sub-1080,CC_Pa,0.2414887547492981,0.3333333432674408,0.2414887547492981,0.2800736129283905,0.0,0.615502655506134,0.6808748841285706
sub-1080,CC_Pr_Po,0.30139467120170593,0.5,0.30139467120170593,0.3760876953601837,0.0,0.5738149881362915,0.6756630539894104
sub-1080,FPT_L,0.12537887692451477,0.3333333432674408,0.12537887692451477,0.18221865594387054,0.0,0.4885404706001282,0.7118184566497803
sub-1080,FPT_R,0.31760919094085693,0.5,0.31760919094085693,0.3884609043598175,0.0,0.5510196685791016,0.7394319772720337
sub-1080,ILF_L,0.2492458075284958,0.25,0.2492458075284958,0.24962233006954193,0.0,0.7073047757148743,0.6425983309745789
sub-1080,ILF_R,0.24376769363880157,0.25,0.24376769363880157,0.24684451520442963,0.0,0.7186863422393799,0.6537966728210449
sub-1080,MCP,1.0,1.0,1.0,1.0,0.0,0.6915649175643921,0.9061059355735779
sub-1080,MdLF_L,1.0,1.0,1.0,1.0,0.0,0.9378283023834229,0.8235618472099304
sub-1080,MdLF_R,1.0,1.0,1.0,1.0,0.0,1.0,1.0
sub-1080,OR_ML_L,1.0,1.0,1.0,1.0,0.0,0.7267258167266846,0.7705814838409424
sub-1080,OR_ML_R,1.0,1.0,1.0,1.0,0.0,0.7814731001853943,0.7852271199226379
sub-1080,PYT_L,0.14312602579593658,0.3333333432674408,0.14312602579593658,0.2002633661031723,0.0,0.5132624506950378,0.7199545502662659
sub-1080,PYT_R,0.18630360066890717,0.3333333432674408,0.18630360066890717,0.23901765048503876,0.0,0.3830070495605469,0.6914543509483337
sub-1080,SLF_L,1.0,1.0,1.0,1.0,0.0,0.9566199779510498,0.8903723359107971
sub-1080,SLF_R,0.3910891115665436,0.5,0.3910891115665436,0.43888887763023376,0.0,0.9954204559326172,0.8731562495231628
sub-1001,AF_L,0.48946014046669006,0.5,0.48946014046669006,0.4946739375591278,0.0,0.9551675915718079,0.6852449178695679
sub-1001,AF_R,0.42361393570899963,0.5,0.42361393570899963,0.4586482644081116,0.0,0.7469774484634399,0.6933242082595825
sub-1001,CC_Fr_1,0.35877373814582825,0.5,0.35877373814582825,0.4177744686603546,0.0,0.6759128570556641,0.6840347051620483
sub-1001,CC_Fr_2,0.2224803864955902,0.5,0.2224803864955902,0.30793967843055725,0.0,0.5405650734901428,0.6047998070716858
sub-1001,CC_Oc,0.48977574706077576,0.5,0.48977574706077576,0.4948350787162781,0.0,0.5111337304115295,0.7369970083236694
sub-1001,CC_Pr_Po,0.2442362904548645,0.3333333432674408,0.2442362904548645,0.2819126546382904,0.0,0.4949825704097748,0.6618226170539856
sub-1001,CG_L,1.0,1.0,1.0,1.0,0.0,0.9062246084213257,0.8284690976142883
sub-1001,CG_R,1.0,1.0,1.0,1.0,0.0,0.8898720145225525,0.8788393139839172
sub-1001,FAT_L,0.32274916768074036,0.3333333432674408,0.32274916768074036,0.32795587182044983,0.0,0.656711995601654,0.6954871416091919
sub-1001,FAT_R,0.49988552927970886,0.5,0.49988552927970886,0.49994274973869324,0.0,0.687380313873291,0.7331898212432861
sub-1001,ILF_L,0.20272843539714813,0.25,0.20272843539714813,0.22389629483222961,0.0,0.7344003319740295,0.6952051520347595
sub-1001,ILF_R,0.1888117790222168,0.20000000298023224,0.1888117790222168,0.19424490630626678,0.0,0.6952364444732666,0.6984158158302307
sub-1001,MdLF_L,1.0,1.0,1.0,1.0,0.0,1.0,1.0
sub-1001,MdLF_R,1.0,1.0,1.0,1.0,0.0,1.0,1.0
sub-1001,OR_ML_L,0.3326537609100342,0.3333333432674408,0.3326537609100342,0.33299320936203003,0.0,0.6171823740005493,0.6967652440071106
sub-1001,OR_ML_R,1.0,1.0,1.0,1.0,0.0,1.0,1.0
sub-1001,SLF_L,1.0,1.0,1.0,1.0,0.0,0.9997228384017944,0.9996664524078369
sub-1001,SLF_R,0.48065313696861267,0.5,0.48065313696861267,0.49013572931289673,0.0,0.8642403483390808,0.801089346408844
sub-1050,AF_L,0.482621431350708,0.5,0.482621431350708,0.49115705490112305,0.0,0.7296686172485352,0.6473647952079773
sub-1050,AF_R,0.4736349582672119,0.5,0.4736349582672119,0.48646050691604614,0.0,0.8678520917892456,0.6419581174850464
sub-1050,CC_Fr_1,0.4804660677909851,0.5,0.4804660677909851,0.4900384545326233,0.0,0.7346665263175964,0.7079113721847534
sub-1050,CC_Oc,0.4649723470211029,0.5,0.4649723470211029,0.48185044527053833,0.0,0.5890142321586609,0.706988513469696
sub-1050,CC_Pa,0.3124741315841675,0.5,0.3124741315841675,0.3845957815647125,0.0,0.6396832466125488,0.7002428770065308
sub-1050,CC_Pr_Po,0.19873696565628052,0.25,0.19873696565628052,0.2214403748512268,0.0,0.4857964813709259,0.6271904110908508
sub-1050,CG_L,1.0,1.0,1.0,1.0,0.0,1.0,1.0
sub-1050,CG_R,1.0,1.0,1.0,1.0,0.0,0.8830602765083313,0.9420872330665588
sub-1050,MCP,1.0,1.0,1.0,1.0,0.0,0.5211114883422852,0.8131697177886963
sub-1050,MdLF_L,1.0,1.0,1.0,1.0,0.0,1.0,1.0
sub-1050,MdLF_R,1.0,1.0,1.0,1.0,0.0,1.0,1.0
sub-1050,OR_ML_L,0.49994170665740967,0.5,0.49994170665740967,0.49997085332870483,0.0,0.7764942646026611,0.7349457144737244
sub-1050,OR_ML_R,1.0,1.0,1.0,1.0,0.0,0.6354396939277649,0.6734718680381775
sub-1050,POPT_L,0.32263490557670593,0.3333333432674408,0.32263490557670593,0.3278968632221222,0.0,0.5808941125869751,0.747950553894043
sub-1050,POPT_R,1.0,1.0,1.0,1.0,0.0,1.0,1.0
sub-1050,PYT_L,0.11030319333076477,0.25,0.11030319333076477,0.15306995809078217,0.0,0.6150487661361694,0.6496670842170715
sub-1050,PYT_R,0.1544242650270462,0.3333333432674408,0.1544242650270462,0.21106696128845215,0.0,0.6198317408561707,0.4933127462863922
sub-1050,SLF_L,1.0,1.0,1.0,1.0,0.0,0.8505955934524536,0.7383310198783875
sub-1050,SLF_R,1.0,1.0,1.0,1.0,0.0,0.7689942717552185,0.694101870059967
sub-1050,UF_L,0.49965083599090576,0.5,0.49965083599090576,0.4998253583908081,0.0,0.999940812587738,0.9992746114730835
sub-1050,UF_R,0.4934210479259491,0.5,0.4934210479259491,0.49668875336647034,0.0,0.9940405488014221,0.9863839149475098
sub-1061,AF_L,0.4992081820964813,0.5,0.4992081820964813,0.4996037781238556,0.0,0.9476752877235413,0.6269981265068054
sub-1061,AF_R,0.49955713748931885,0.5,0.49955713748931885,0.49977847933769226,0.0,0.9996943473815918,0.9991299510002136
sub-1061,CC_Fr_1,0.4792286157608032,0.5,0.4792286157608032,0.48939400911331177,0.0,0.6457064747810364,0.6717349290847778
sub-1061,CC_Fr_2,0.2783767282962799,0.3333333432674408,0.2783767282962799,0.3033863604068756,0.0,0.5912919640541077,0.5688244104385376
sub-1061,CC_Oc,0.4892629086971283,0.5,0.4892629086971283,0.4945732057094574,0.0,0.6137101054191589,0.6599129438400269
sub-1061,CC_Pa,0.322072833776474,0.3333333432674408,0.322072833776474,0.32760635018348694,0.0,0.5993127822875977,0.6760073900222778
sub-1061,CC_Pr_Po,0.24979425966739655,0.3333333432674408,0.24979425966739655,0.2855798900127411,0.0,0.5109220743179321,0.6426668763160706
sub-1061,CG_L,1.0,1.0,1.0,1.0,0.0,0.9187539219856262,0.789896547794342
sub-1061,CG_R,1.0,1.0,1.0,1.0,0.0,0.9830117225646973,0.9738557934761047
sub-1061,FPT_L,0.04108187183737755,0.3333333432674408,0.04108187183737755,0.07314851135015488,0.0,0.537983238697052,0.2851264774799347
sub-1061,FPT_R,0.02619468979537487,0.3333333432674408,0.02619468979537487,0.0485723651945591,0.0,0.22946807742118835,0.25203895568847656
sub-1061,ILF_L,0.49723580479621887,0.5,0.49723580479621887,0.4986140727996826,0.0,0.6584761738777161,0.7236542105674744
sub-1061,ILF_R,0.4995207190513611,0.5,0.4995207190513611,0.499760240316391,0.0,0.6766828894615173,0.694349467754364
sub-1061,MCP,1.0,1.0,1.0,1.0,0.0,0.6200308203697205,0.755981981754303
sub-1061,MdLF_L,0.49901866912841797,0.5,0.49901866912841797,0.4995088577270508,0.0,0.7810243964195251,0.7428141832351685
sub-1061,MdLF_R,0.4987042248249054,0.5,0.4987042248249054,0.49935126304626465,0.0,0.7397279739379883,0.726414680480957
sub-1061,OR_ML_L,1.0,1.0,1.0,1.0,0.0,0.7662014365196228,0.8422718644142151
sub-1061,OR_ML_R,0.49247777462005615,0.5,0.49247777462005615,0.49621036648750305,0.0,0.744838535785675,0.7615355253219604
sub-1061,POPT_L,0.27416619658470154,0.3333333432674408,0.27416619658470154,0.3008684813976288,0.0,0.4656093120574951,0.6898948550224304
sub-1061,POPT_R,0.33253762125968933,0.3333333432674408,0.33253762125968933,0.33293500542640686,0.0,0.3651636838912964,0.6829448938369751
sub-1061,PYT_L,0.07126235216856003,0.3333333432674408,0.07126235216856003,0.11742150783538818,0.0,0.5037179589271545,0.6230165958404541
sub-1061,PYT_R,0.06677354127168655,0.3333333432674408,0.06677354127168655,0.11125951260328293,0.0,0.42335954308509827,0.6801908612251282
sub-1061,SLF_L,0.4967838525772095,0.5,0.4967838525772095,0.4983867406845093,0.0,0.84353107213974,0.6620417237281799
sub-1061,SLF_R,0.4994288384914398,0.5,0.4994288384914398,0.4997142553329468,0.0,0.7398781180381775,0.6039162874221802
sub-1061,UF_L,1.0,1.0,1.0,1.0,0.0,1.0,1.0
sub-1061,UF_R,1.0,1.0,1.0,1.0,0.0,1.0,1.0
sub-1046,AF_L,0.4984617531299591,0.5,0.4984617531299591,0.49922969937324524,0.0,0.920600414276123,0.6312437057495117
sub-1046,AF_R,0.40398722887039185,0.5,0.40398722887039185,0.4468948543071747,0.0,0.9562691450119019,0.6439321637153625
sub-1046,CC_Fr_1,0.49995923042297363,0.5,0.49995923042297363,0.4999796152114868,0.0,0.6986569762229919,0.6596967577934265
sub-1046,CC_Oc,0.47937026619911194,0.5,0.47937026619911194,0.4894678592681885,0.0,0.5334611535072327,0.7156562805175781
sub-1046,CG_L,1.0,1.0,1.0,1.0,0.0,0.9116305112838745,0.8788129091262817
sub-1046,CG_R,1.0,1.0,1.0,1.0,0.0,0.8637768030166626,0.8285674452781677
sub-1046,FAT_L,1.0,1.0,1.0,1.0,0.0,0.6963339447975159,0.6901311278343201
sub-1046,FAT_R,1.0,1.0,1.0,1.0,0.0,0.7682444453239441,0.715562641620636
sub-1046,FPT_L,1.0,1.0,1.0,1.0,0.0,0.5409731268882751,0.8466069102287292
sub-1046,FPT_R,1.0,1.0,1.0,1.0,0.0,0.5883249044418335,0.8248208165168762
sub-1046,ILF_L,0.49411875009536743,0.5,0.49411875009536743,0.4970419704914093,0.0,0.9319020509719849,0.6721980571746826
sub-1046,ILF_R,0.2872834801673889,0.3333333432674408,0.2872834801673889,0.30859994888305664,0.0,0.781481921672821,0.6577723026275635
sub-1046,MCP,1.0,1.0,1.0,1.0,0.0,0.5956876277923584,0.8482029438018799
sub-1046,OR_ML_L,0.3318104147911072,0.3333333432674408,0.3318104147911072,0.3325701355934143,0.0,0.6897814273834229,0.7848204374313354
sub-1046,OR_ML_R,1.0,1.0,1.0,1.0,0.0,0.9795107245445251,0.98149174451828
sub-1046,POPT_L,0.17109224200248718,0.25,0.17109224200248718,0.20315292477607727,0.0,0.4625980257987976,0.650497555732727
sub-1046,POPT_R,0.15318851172924042,0.3333333432674408,0.15318851172924042,0.20990973711013794,0.0,0.39341431856155396,0.6326543092727661
sub-1046,PYT_L,0.15456007421016693,0.3333333432674408,0.15456007421016693,0.21119378507137299,0.0,0.46153274178504944,0.7043944597244263
sub-1046,PYT_R,0.21348632872104645,0.3333333432674408,0.21348632872104645,0.26027634739875793,0.0,0.41191864013671875,0.6820799112319946
sub-1156,AF_L,0.32892757654190063,0.5,0.32892757654190063,0.39681097865104675,0.0,0.6869388222694397,0.6996368765830994
sub-1156,AF_R,0.4998408257961273,0.5,0.4998408257961273,0.49992039799690247,0.0,0.8112122416496277,0.7817741632461548
sub-1156,CC_Fr_1,0.3246644139289856,0.5,0.3246644139289856,0.3936927616596222,0.0,0.4837017059326172,0.6858333349227905
sub-1156,CC_Fr_2,0.24746209383010864,0.3333333432674408,0.24746209383010864,0.2840496301651001,0.0,0.37977033853530884,0.635717511177063
sub-1156,CC_Oc,0.4999885857105255,0.5,0.4999885857105255,0.49999430775642395,0.0,0.5844724178314209,0.7129835486412048
sub-1156,CC_Pr_Po,0.28944435715675354,0.3333333432674408,0.28944435715675354,0.30984237790107727,0.0,0.4392111897468567,0.6516740322113037
sub-1156,FAT_L,0.3296627700328827,0.3333333432674408,0.3296627700328827,0.33148789405822754,0.0,0.48471760749816895,0.6542266011238098
sub-1156,FAT_R,0.4596937596797943,0.5,0.4596937596797943,0.4790004789829254,0.0,0.5214408040046692,0.6713725328445435
sub-1156,FPT_L,0.49996110796928406,0.5,0.49996110796928406,0.49998053908348083,0.0,0.5670604705810547,0.7426450848579407
sub-1156,FPT_R,0.42069175839424133,0.5,0.42069175839424133,0.4569300711154938,0.0,0.4951601028442383,0.6738487482070923
sub-1156,IFOF_L,0.24208568036556244,0.25,0.24208568036556244,0.2459791898727417,0.0,0.6818012595176697,0.6624314188957214
sub-1156,IFOF_R,0.18167543411254883,0.20000000298023224,0.18167543411254883,0.19039782881736755,0.0,0.691676676273346,0.6698306798934937
sub-1156,ILF_L,0.32309281826019287,0.3333333432674408,0.32309281826019287,0.3281331956386566,0.0,0.5161111354827881,0.7349940538406372
sub-1156,ILF_R,0.32662227749824524,0.3333333432674408,0.32662227749824524,0.3299436867237091,0.0,0.551825761795044,0.7602471709251404
sub-1156,MCP,1.0,1.0,1.0,1.0,0.0,0.5675925612449646,0.8269250392913818
sub-1156,MdLF_L,1.0,1.0,1.0,1.0,0.0,0.6075382828712463,0.7179154753684998
sub-1156,MdLF_R,1.0,1.0,1.0,1.0,0.0,0.6472729444503784,0.7440927624702454
sub-1156,OR_ML_L,0.4985257089138031,0.5,0.4985257089138031,0.4992617666721344,0.0,0.6626143455505371,0.6868933439254761
sub-1156,OR_ML_R,1.0,1.0,1.0,1.0,0.0,0.7983624339103699,0.8847543001174927
sub-1156,POPT_L,0.312648206949234,0.3333333432674408,0.312648206949234,0.32265958189964294,0.0,0.9515383243560791,0.9472335577011108
sub-1156,POPT_R,0.4996645748615265,0.5,0.4996645748615265,0.49983224272727966,0.0,0.9667975306510925,0.9428183436393738
sub-1156,PYT_L,0.08577396720647812,0.3333333432674408,0.08577396720647812,0.13643915951251984,0.0,0.5941312909126282,0.5676569938659668
sub-1156,PYT_R,0.10890746861696243,0.3333333432674408,0.10890746861696243,0.16417522728443146,0.0,0.521234929561615,0.4295591413974762
sub-1156,SLF_L,1.0,1.0,1.0,1.0,0.0,0.5354785919189453,0.7066633105278015
sub-1156,SLF_R,0.3317149579524994,0.3333333432674408,0.3317149579524994,0.3325221836566925,0.0,0.5473560094833374,0.6556777358055115
sub-1156,UF_L,0.1772727221250534,0.25,0.1772727221250534,0.20744681358337402,0.0,0.8410256505012512,0.7282965183258057
sub-1156,UF_R,0.49890831112861633,0.5,0.49890831112861633,0.4994535446166992,0.0,0.9985299706459045,0.9978548884391785
sub-1006,AF_L,1.0,1.0,1.0,1.0,0.0,0.9266175031661987,0.6154471635818481
sub-1006,AF_R,0.4989979863166809,0.5,0.4989979863166809,0.49949848651885986,0.0,0.999534547328949,0.9981569647789001
sub-1006,CC_Fr_1,0.42621535062789917,0.5,0.42621535062789917,0.4601687490940094,0.0,0.6242986917495728,0.6501423120498657
sub-1006,CC_Fr_2,0.2861107289791107,0.3333333432674408,0.2861107289791107,0.30792203545570374,0.0,0.5977765917778015,0.6208131313323975
sub-1006,CC_Oc,1.0,1.0,1.0,1.0,0.0,0.6059304475784302,0.7062498927116394
sub-1006,CC_Pa,0.4060007929801941,0.5,0.4060007929801941,0.44812411069869995,0.0,0.6747491359710693,0.7121583223342896
sub-1006,CC_Pr_Po,0.2472621202468872,0.3333333432674408,0.2472621202468872,0.2839178740978241,0.0,0.5343541502952576,0.6760253310203552
sub-1006,CG_L,1.0,1.0,1.0,1.0,0.0,0.859441339969635,0.6784844398498535
sub-1006,CG_R,1.0,1.0,1.0,1.0,0.0,0.885159969329834,0.8121159672737122
sub-1006,FAT_L,1.0,1.0,1.0,1.0,0.0,0.7343811392784119,0.6837024688720703
sub-1006,FAT_R,1.0,1.0,1.0,1.0,0.0,0.7514379024505615,0.6528623700141907
sub-1006,ILF_L,1.0,1.0,1.0,1.0,0.0,0.9000536203384399,0.6742426753044128
sub-1006,ILF_R,0.4999557435512543,0.5,0.4999557435512543,0.49997785687446594,0.0,0.8886246085166931,0.7151838541030884
sub-1006,MCP,1.0,1.0,1.0,1.0,0.0,0.7190255522727966,0.8890173435211182
sub-1006,MdLF_L,1.0,1.0,1.0,1.0,0.0,0.9666821956634521,0.9345189929008484
sub-1006,MdLF_R,1.0,1.0,1.0,1.0,0.0,1.0,1.0
sub-1006,OR_ML_L,0.48067644238471985,0.5,0.48067644238471985,0.4901478588581085,0.0,0.7189207673072815,0.7720300555229187
sub-1006,OR_ML_R,0.49564969539642334,0.5,0.49564969539642334,0.49781534075737,0.0,0.712494969367981,0.5851984620094299
sub-1006,POPT_L,0.3256922960281372,0.3333333432674408,0.3256922960281372,0.3294685184955597,0.0,0.6080663204193115,0.6543829441070557
sub-1006,POPT_R,0.48696503043174744,0.5,0.48696503043174744,0.49339643120765686,0.0,0.5460054874420166,0.7474169731140137
sub-1006,PYT_L,0.13282319903373718,0.25,0.13282319903373718,0.17347851395606995,0.0,0.5381155610084534,0.6566370725631714
sub-1006,PYT_R,0.17137402296066284,0.3333333432674408,0.17137402296066284,0.2263675183057785,0.0,0.49100884795188904,0.6926718354225159
sub-1006,SLF_L,0.4933793842792511,0.5,0.4933793842792511,0.49666762351989746,0.0,0.9943023920059204,0.9876703023910522
sub-1006,SLF_R,1.0,1.0,1.0,1.0,0.0,0.9941874742507935,0.819253146648407
sub-1006,UF_L,1.0,1.0,1.0,1.0,0.0,1.0,1.0
sub-1006,UF_R,1.0,1.0,1.0,1.0,0.0,1.0,1.0
sub-1217,AF_L,0.4987705945968628,0.5,0.4987705945968628,0.4993845522403717,0.0,0.9217361807823181,0.5801538228988647
sub-1217,AF_R,0.4923172891139984,0.5,0.4923172891139984,0.4961288869380951,0.0,0.858600914478302,0.5430139303207397
sub-1217,CC_Fr_1,0.49749651551246643,0.5,0.49749651551246643,0.4987451136112213,0.0,0.6554231643676758,0.6565608978271484
sub-1217,CC_Fr_2,0.4067589044570923,0.5,0.4067589044570923,0.44858551025390625,0.0,0.645147979259491,0.6101589202880859
sub-1217,CC_Oc,0.26750651001930237,0.5,0.26750651001930237,0.34853971004486084,0.0,0.5903679132461548,0.6767098307609558
sub-1217,CC_Pa,0.27472034096717834,0.3333333432674408,0.27472034096717834,0.30120185017585754,0.0,0.6076075434684753,0.6917899250984192
sub-1217,CC_Pr_Po,0.3014207184314728,0.3333333432674408,0.3014207184314728,0.3165748119354248,0.0,0.608353316783905,0.6877468228340149
sub-1217,CG_L,1.0,1.0,1.0,1.0,0.0,0.8923100829124451,0.6849157810211182
sub-1217,CG_R,1.0,1.0,1.0,1.0,0.0,0.892642080783844,0.8219659328460693
sub-1217,FPT_L,0.211270272731781,0.3333333432674408,0.211270272731781,0.2586226761341095,0.0,0.5705891847610474,0.7012596130371094
sub-1217,FPT_R,0.2025766223669052,0.3333333432674408,0.2025766223669052,0.2520032823085785,0.0,0.5725307464599609,0.7415790557861328
sub-1217,IFOF_L,0.2498806267976761,0.25,0.2498806267976761,0.24994030594825745,0.0,0.6420597434043884,0.6277278065681458
sub-1217,IFOF_R,1.0,1.0,1.0,1.0,0.0,0.619145929813385,0.6420794129371643
sub-1217,MCP,1.0,1.0,1.0,1.0,0.0,0.5718872547149658,0.8625856041908264
sub-1217,MdLF_L,1.0,1.0,1.0,1.0,0.0,1.0,1.0
sub-1217,MdLF_R,1.0,1.0,1.0,1.0,0.0,1.0,1.0
sub-1217,OR_ML_L,0.4996921718120575,0.5,0.4996921718120575,0.49984604120254517,0.0,0.672452449798584,0.6210325360298157
sub-1217,OR_ML_R,1.0,1.0,1.0,1.0,0.0,0.6999604105949402,0.8234980702400208
sub-1217,PYT_L,0.1489494889974594,0.3333333432674408,0.1489494889974594,0.2058950811624527,0.0,0.5782538652420044,0.6876752972602844
sub-1217,PYT_R,0.1986282467842102,0.3333333432674408,0.1986282467842102,0.24892555177211761,0.0,0.6092104315757751,0.6574844121932983
sub-1217,SLF_L,0.4999128580093384,0.5,0.4999128580093384,0.4999564290046692,0.0,0.9898077249526978,0.782819926738739
sub-1217,SLF_R,1.0,1.0,1.0,1.0,0.0,1.0,1.0
sub-1217,UF_L,1.0,1.0,1.0,1.0,0.0,0.9145609140396118,0.7556776404380798
sub-1217,UF_R,1.0,1.0,1.0,1.0,0.0,0.870949387550354,0.6660282611846924
sub-1124,AF_L,0.47685539722442627,0.5,0.47685539722442627,0.48815351724624634,0.0,0.627465546131134,0.6889761686325073
sub-1124,AF_R,0.49980074167251587,0.5,0.49980074167251587,0.49990034103393555,0.0,0.626157820224762,0.747284471988678
sub-1124,CC_Fr_1,0.44076699018478394,0.5,0.44076699018478394,0.46851876378059387,0.0,0.46499398350715637,0.6484081745147705
sub-1124,CC_Fr_2,0.266549289226532,0.3333333432674408,0.266549289226532,0.29622381925582886,0.0,0.4427153766155243,0.6172603964805603
sub-1124,CC_Pa,0.27280089259147644,0.3333333432674408,0.27280089259147644,0.30004453659057617,0.0,0.5342368483543396,0.6582388877868652
sub-1124,CC_Pr_Po,0.2976580560207367,0.3333333432674408,0.2976580560207367,0.31448718905448914,0.0,0.4562199115753174,0.6514723300933838
sub-1124,CG_L,1.0,1.0,1.0,1.0,0.0,1.0,1.0
sub-1124,CG_R,1.0,1.0,1.0,1.0,0.0,0.9014450311660767,0.8890351057052612
sub-1124,FAT_L,0.4999587833881378,0.5,0.4999587833881378,0.4999793767929077,0.0,0.6017000079154968,0.6737441420555115
sub-1124,FAT_R,1.0,1.0,1.0,1.0,0.0,0.6150860786437988,0.7066857218742371
sub-1124,FPT_L,0.49993252754211426,0.5,0.49993252754211426,0.49996626377105713,0.0,0.44845396280288696,0.6131270527839661
sub-1124,FPT_R,0.45347800850868225,0.5,0.45347800850868225,0.4756040573120117,0.0,0.4080905020236969,0.701441764831543
sub-1124,IFOF_L,0.3327803909778595,0.3333333432674408,0.3327803909778595,0.33305662870407104,0.0,0.7421221733093262,0.765984296798706
sub-1124,IFOF_R,0.33283117413520813,0.3333333432674408,0.33283117413520813,0.33308207988739014,0.0,0.7396038174629211,0.6031029224395752
sub-1124,MCP,1.0,1.0,1.0,1.0,0.0,0.48404282331466675,0.8210875988006592
sub-1124,MdLF_L,1.0,1.0,1.0,1.0,0.0,1.0,1.0
sub-1124,MdLF_R,1.0,1.0,1.0,1.0,0.0,0.5494015216827393,0.7658728361129761
sub-1124,OR_ML_L,0.4999905526638031,0.5,0.4999905526638031,0.49999529123306274,0.0,0.5705727934837341,0.6875263452529907
sub-1124,OR_ML_R,0.4998496174812317,0.5,0.4998496174812317,0.49992477893829346,0.0,0.6789740324020386,0.7953835129737854
sub-1124,POPT_L,0.49984368681907654,0.5,0.49984368681907654,0.4999218285083771,0.0,0.3020102381706238,0.6204797625541687
sub-1124,POPT_R,0.44934478402137756,0.5,0.44934478402137756,0.47332096099853516,0.0,0.34350553154945374,0.7042714357376099
sub-1124,PYT_L,0.097991444170475,0.3333333432674408,0.097991444170475,0.15145809948444366,0.0,0.3625513017177582,0.6225045323371887
sub-1124,PYT_R,0.1392548680305481,0.3333333432674408,0.1392548680305481,0.1964428573846817,0.0,0.3843502700328827,0.7071514129638672
sub-1124,SLF_L,1.0,1.0,1.0,1.0,0.0,0.7628577947616577,0.5964756011962891
sub-1124,SLF_R,0.49800994992256165,0.5,0.49800994992256165,0.49900299310684204,0.0,0.9978720545768738,0.9956853985786438
sub-1124,UF_L,1.0,1.0,1.0,1.0,0.0,0.8216248750686646,0.877085268497467
sub-1124,UF_R,1.0,1.0,1.0,1.0,0.0,0.8960881233215332,0.7110571265220642
sub-1209,CC_Fr_1,0.4952585995197296,0.5,0.4952585995197296,0.49761801958084106,0.0,0.745462954044342,0.6416975259780884
sub-1209,CC_Fr_2,0.308722585439682,0.3333333432674408,0.308722585439682,0.32055628299713135,0.0,0.665169358253479,0.6115028262138367
sub-1209,CC_Oc,0.4884773790836334,0.5,0.4884773790836334,0.49417153000831604,0.0,0.4719568192958832,0.7102662324905396
sub-1209,CC_Pa,0.29743701219558716,0.3333333432674408,0.29743701219558716,0.3143637776374817,0.0,0.5386620163917542,0.6775418519973755
sub-1209,CC_Pr_Po,0.3132809102535248,0.3333333432674408,0.3132809102535248,0.32299619913101196,0.0,0.478299081325531,0.6405989527702332
sub-1209,CG_L,0.3329736888408661,0.3333333432674408,0.3329736888408661,0.3331534266471863,0.0,0.8244474530220032,0.6884027719497681
sub-1209,CG_R,1.0,1.0,1.0,1.0,0.0,0.8866288661956787,0.7320516109466553
sub-1209,FAT_L,0.49949631094932556,0.5,0.49949631094932556,0.49974802136421204,0.0,0.6560992002487183,0.6806955337524414
sub-1209,FAT_R,1.0,1.0,1.0,1.0,0.0,0.7457789182662964,0.7057607173919678
sub-1209,FPT_L,0.4992120862007141,0.5,0.4992120862007141,0.4996057152748108,0.0,0.7178710103034973,0.7617699503898621
sub-1209,FPT_R,0.14565357565879822,0.3333333432674408,0.14565357565879822,0.20272451639175415,0.0,0.6081688404083252,0.6093076467514038
sub-1209,IFOF_L,0.24732500314712524,0.25,0.24732500314712524,0.248655304312706,0.0,0.6664541363716125,0.566536545753479
sub-1209,IFOF_R,0.24666398763656616,0.25,0.24666398763656616,0.2483207881450653,0.0,0.6477305293083191,0.5628677010536194
sub-1209,ILF_L,1.0,1.0,1.0,1.0,0.0,0.5850498080253601,0.6563755869865417
sub-1209,ILF_R,0.4997057616710663,0.5,0.4997057616710663,0.49985283613204956,0.0,0.6108629107475281,0.7110117673873901
sub-1209,MCP,1.0,1.0,1.0,1.0,0.0,0.6056321859359741,0.8726378083229065
sub-1209,MdLF_L,0.4905416965484619,0.5,0.4905416965484619,0.4952256977558136,0.0,0.7312962412834167,0.6832463145256042
sub-1209,MdLF_R,1.0,1.0,1.0,1.0,0.0,1.0,1.0
sub-1209,OR_ML_L,0.4963673949241638,0.5,0.4963673949241638,0.49817708134651184,0.0,0.6673102378845215,0.6903146505355835
sub-1209,OR_ML_R,1.0,1.0,1.0,1.0,0.0,1.0,1.0
sub-1209,POPT_L,0.47358864545822144,0.5,0.47358864545822144,0.48643606901168823,0.0,0.5045397281646729,0.65668123960495
sub-1209,POPT_R,0.4659888744354248,0.5,0.4659888744354248,0.4823956787586212,0.0,0.5172742009162903,0.5824446678161621
sub-1209,PYT_L,0.11960173398256302,0.3333333432674408,0.11960173398256302,0.17603956162929535,0.0,0.5553536415100098,0.629244863986969
sub-1209,PYT_R,0.22420112788677216,0.3333333432674408,0.22420112788677216,0.26808640360832214,0.0,0.5502908825874329,0.5802186131477356
sub-1209,SLF_L,1.0,1.0,1.0,1.0,0.0,0.95725417137146,0.7429141402244568
sub-1209,SLF_R,0.45914894342422485,0.5,0.45914894342422485,0.4787045121192932,0.0,0.9627914428710938,0.9245124459266663
sub-1209,UF_L,1.0,1.0,1.0,1.0,0.0,0.9032858610153198,0.9016174077987671
sub-1209,UF_R,1.0,1.0,1.0,1.0,0.0,0.935521125793457,0.8977708220481873
sub-1019,AF_L,0.49995043873786926,0.5,0.49995043873786926,0.49997520446777344,0.0,0.801829993724823,0.6324847936630249
sub-1019,AF_R,0.2880808711051941,0.5,0.2880808711051941,0.3655473291873932,0.0,0.9416224956512451,0.7170160412788391
sub-1019,CC_Fr_1,0.4671095609664917,0.5,0.4671095609664917,0.48299551010131836,0.0,0.6710374355316162,0.647072434425354
sub-1019,CC_Fr_2,0.30261945724487305,0.3333333432674408,0.30261945724487305,0.31723472476005554,0.0,0.6146767735481262,0.6282342672348022
sub-1019,CC_Oc,0.4806627333164215,0.5,0.4806627333164215,0.49014073610305786,0.0,0.5971792936325073,0.6877884864807129
sub-1019,CC_Pa,0.29613444209098816,0.3333333432674408,0.29613444209098816,0.3136347234249115,0.0,0.6312728524208069,0.676058828830719
sub-1019,CC_Pr_Po,0.27460023760795593,0.3333333432674408,0.27460023760795593,0.30112966895103455,0.0,0.538013219833374,0.6599082946777344
sub-1019,CG_L,0.4999433755874634,0.5,0.4999433755874634,0.4999716877937317,0.0,0.8838920593261719,0.6793267130851746
sub-1019,CG_R,1.0,1.0,1.0,1.0,0.0,0.8930526375770569,0.8203330039978027
sub-1019,ILF_L,1.0,1.0,1.0,1.0,0.0,0.8453016877174377,0.6098833680152893
sub-1019,ILF_R,0.4996888339519501,0.5,0.4996888339519501,0.49984437227249146,0.0,0.8490446209907532,0.6571473479270935
sub-1019,MdLF_L,1.0,1.0,1.0,1.0,0.0,1.0,1.0
sub-1019,MdLF_R,0.49954792857170105,0.5,0.49954792857170105,0.49977385997772217,0.0,0.7827925086021423,0.8080053925514221
sub-1019,OR_ML_L,0.49931010603904724,0.5,0.49931010603904724,0.4996548295021057,0.0,0.8057752251625061,0.8302961587905884
sub-1019,OR_ML_R,0.49865755438804626,0.5,0.49865755438804626,0.4993278682231903,0.0,0.7056795358657837,0.8182610869407654
sub-1019,POPT_L,0.33141157031059265,0.3333333432674408,0.33141157031059265,0.33236968517303467,0.0,0.38634809851646423,0.7656130194664001
sub-1019,POPT_R,0.33117377758026123,0.3333333432674408,0.33117377758026123,0.33225002884864807,0.0,0.5617366433143616,0.6834108829498291
sub-1019,PYT_L,0.16017791628837585,0.3333333432674408,0.16017791628837585,0.2163786143064499,0.0,0.46168896555900574,0.7167720794677734
sub-1019,PYT_R,0.08337024599313736,0.3333333432674408,0.08337024599313736,0.13338057696819305,0.0,0.5129342675209045,0.47104671597480774
sub-1019,SLF_L,1.0,1.0,1.0,1.0,0.0,1.0,1.0
sub-1019,SLF_R,0.4743563234806061,0.5,0.4743563234806061,0.48684072494506836,0.0,0.8740441203117371,0.7018064260482788
sub-1019,UF_L,1.0,1.0,1.0,1.0,0.0,1.0,1.0
sub-1019,UF_R,1.0,1.0,1.0,1.0,0.0,1.0,1.0
sub-1024,AF_L,0.49258455634117126,0.5,0.49258455634117126,0.49626457691192627,0.0,0.8835065960884094,0.6720842123031616
sub-1024,AF_R,0.49872350692749023,0.5,0.49872350692749023,0.49936094880104065,0.0,0.9552527070045471,0.665661633014679
sub-1024,CC_Fr_2,0.2706521153450012,0.5,0.2706521153450012,0.35119882225990295,0.0,0.6329113841056824,0.6421645879745483
sub-1024,CC_Oc,1.0,1.0,1.0,1.0,0.0,0.5429617762565613,0.7245365977287292
sub-1024,FAT_L,0.49980664253234863,0.5,0.49980664253234863,0.49990329146385193,0.0,0.6614437103271484,0.7208053469657898
sub-1024,FAT_R,1.0,1.0,1.0,1.0,0.0,0.6825720071792603,0.7203187942504883
sub-1024,FPT_L,0.091511569917202,0.3333333432674408,0.091511569917202,0.1435999721288681,0.0,0.49717098474502563,0.6550329327583313
sub-1024,FPT_R,0.010412253439426422,0.3333333432674408,0.010412253439426422,0.02019372023642063,0.0,0.353187620639801,0.6133118271827698
sub-1024,IFOF_L,0.4999219477176666,0.5,0.4999219477176666,0.4999609589576721,0.0,0.6740630269050598,0.5758796334266663
sub-1024,IFOF_R,0.49766966700553894,0.5,0.49766966700553894,0.498832106590271,0.0,0.6600790023803711,0.5578160285949707
sub-1024,ILF_L,0.33325377106666565,0.3333333432674408,0.33325377106666565,0.3332935571670532,0.0,0.7226893305778503,0.6819788217544556
sub-1024,ILF_R,0.3329865038394928,0.3333333432674408,0.3329865038394928,0.33315983414649963,0.0,0.5654125809669495,0.7112893462181091
sub-1024,MdLF_L,1.0,1.0,1.0,1.0,0.0,1.0,1.0
sub-1024,MdLF_R,1.0,1.0,1.0,1.0,0.0,1.0,1.0
sub-1024,POPT_L,0.3035094439983368,0.3333333432674408,0.3035094439983368,0.3177230656147003,0.0,0.46747341752052307,0.654007613658905
sub-1024,POPT_R,0.4998966157436371,0.5,0.4998966157436371,0.49994829297065735,0.0,0.9287557601928711,0.897067129611969
sub-1024,PYT_L,0.14803148806095123,0.3333333432674408,0.14803148806095123,0.2050163596868515,0.0,0.48480746150016785,0.642578661441803
sub-1024,PYT_R,0.21899478137493134,0.3333333432674408,0.21899478137493134,0.26432934403419495,0.0,0.5276548266410828,0.5071423053741455
sub-1024,SLF_L,0.499737948179245,0.5,0.499737948179245,0.4998689293861389,0.0,0.9995921850204468,0.9994584918022156
sub-1024,SLF_R,0.4947502911090851,0.5,0.4947502911090851,0.49736130237579346,0.0,0.7802361249923706,0.6952871680259705
sub-1024,UF_L,1.0,1.0,1.0,1.0,0.0,1.0,1.0
sub-1024,UF_R,0.4987669587135315,0.5,0.4987669587135315,0.49938270449638367,0.0,0.9987304210662842,0.9976693987846375
sub-1175,AF_L,0.48114362359046936,0.5,0.48114362359046936,0.4903905987739563,0.0,0.6383178234100342,0.6831104159355164
sub-1175,AF_R,0.49994608759880066,0.5,0.49994608759880066,0.49997302889823914,0.0,0.7033985257148743,0.6962923407554626
sub-1175,CC_Fr_1,0.46030938625335693,0.5,0.46030938625335693,0.4793344736099243,0.0,0.488116979598999,0.6834349036216736
sub-1175,CC_Fr_2,0.2767445147037506,0.3333333432674408,0.2767445147037506,0.3024144470691681,0.0,0.4027198851108551,0.6045607328414917
sub-1175,CC_Oc,0.49623727798461914,0.5,0.49623727798461914,0.4981115162372589,0.0,0.6452068090438843,0.7349475622177124
sub-1175,CC_Pa,0.2178962081670761,0.25,0.2178962081670761,0.23284673690795898,0.0,0.4980598986148834,0.6930117011070251
sub-1175,CC_Pr_Po,0.2890673577785492,0.3333333432674408,0.2890673577785492,0.3096262216567993,0.0,0.46825575828552246,0.7092433571815491
sub-1175,FAT_L,1.0,1.0,1.0,1.0,0.0,0.5361320972442627,0.6876353621482849
sub-1175,FAT_R,1.0,1.0,1.0,1.0,0.0,0.629164457321167,0.681983232498169
sub-1175,FPT_L,0.43196865916252136,0.5,0.43196865916252136,0.4635012745857239,0.0,0.4278644621372223,0.6748282313346863
sub-1175,FPT_R,0.490683913230896,0.5,0.490683913230896,0.4952981472015381,0.0,0.3667985796928406,0.6019999980926514
sub-1175,IFOF_L,0.3327848017215729,0.3333333432674408,0.3327848017215729,0.33305883407592773,0.0,0.6718866229057312,0.5942037105560303
sub-1175,IFOF_R,0.3332515358924866,0.3333333432674408,0.3332515358924866,0.3332924246788025,0.0,0.5552108883857727,0.7030553221702576
sub-1175,ILF_L,0.4999719262123108,0.5,0.4999719262123108,0.4999859631061554,0.0,0.6526097059249878,0.7695311307907104
sub-1175,ILF_R,0.3130060136318207,0.3333333432674408,0.3130060136318207,0.3228500187397003,0.0,0.5858567953109741,0.6858245134353638
sub-1175,MCP,1.0,1.0,1.0,1.0,0.0,0.6233140230178833,0.7732383608818054
sub-1175,MdLF_L,0.46740394830703735,0.5,0.46740394830703735,0.483152836561203,0.0,0.9822018146514893,0.9457830786705017
sub-1175,MdLF_R,0.4959058463573456,0.5,0.4959058463573456,0.49794450402259827,0.0,0.6110346913337708,0.6973404884338379
sub-1175,OR_ML_L,0.49921074509620667,0.5,0.49921074509620667,0.49960505962371826,0.0,0.7506508827209473,0.7983162999153137
sub-1175,OR_ML_R,1.0,1.0,1.0,1.0,0.0,1.0,1.0
sub-1175,POPT_L,0.33262932300567627,0.3333333432674408,0.33262932300567627,0.3329809606075287,0.0,0.4191354513168335,0.684720516204834
sub-1175,POPT_R,0.49930426478385925,0.5,0.49930426478385925,0.49965187907218933,0.0,0.41030722856521606,0.6623279452323914
sub-1175,PYT_L,0.08656325936317444,0.3333333432674408,0.08656325936317444,0.13743583858013153,0.0,0.45607784390449524,0.668833315372467
sub-1175,PYT_R,0.1562676727771759,0.3333333432674408,0.1562676727771759,0.2127823382616043,0.0,0.37995731830596924,0.6927216649055481
sub-1175,SLF_L,1.0,1.0,1.0,1.0,0.0,0.7814935445785522,0.7618973851203918
sub-1175,SLF_R,0.4936630129814148,0.5,0.4936630129814148,0.49681130051612854,0.0,0.6746634244918823,0.6247329711914062
sub-1175,UF_L,1.0,1.0,1.0,1.0,0.0,0.7446401715278625,0.8151496648788452
sub-1175,UF_R,1.0,1.0,1.0,1.0,0.0,0.6409476399421692,0.7661486268043518
sub-1191,AF_L,0.47877249121665955,0.5,0.47877249121665955,0.4891560673713684,0.0,0.6266727447509766,0.6634888648986816
sub-1191,AF_R,0.4888187646865845,0.5,0.4888187646865845,0.49434617161750793,0.0,0.5893695950508118,0.6853743195533752
sub-1191,CC_Fr_1,0.49954161047935486,0.5,0.49954161047935486,0.4997707009315491,0.0,0.4595992863178253,0.7080618143081665
sub-1191,CC_Fr_2,0.30443286895751953,0.3333333432674408,0.30443286895751953,0.31822827458381653,0.0,0.46744418144226074,0.6254382729530334
sub-1191,CC_Oc,1.0,1.0,1.0,1.0,0.0,0.6244540810585022,0.7072539925575256
sub-1191,CC_Pa,0.2385196089744568,0.25,0.2385196089744568,0.2441249042749405,0.0,0.5705029964447021,0.6654335260391235
sub-1191,CC_Pr_Po,0.2930627763271332,0.3333333432674408,0.2930627763271332,0.31190356612205505,0.0,0.5114635229110718,0.6655035018920898
sub-1191,CG_L,0.49938416481018066,0.5,0.49938416481018066,0.4996918737888336,0.0,0.7218160033226013,0.7857546210289001
sub-1191,CG_R,1.0,1.0,1.0,1.0,0.0,0.6849654316902161,0.8182675242424011
sub-1191,FAT_L,1.0,1.0,1.0,1.0,0.0,0.5902186632156372,0.6854024529457092
sub-1191,FAT_R,1.0,1.0,1.0,1.0,0.0,0.5945273041725159,0.6967792510986328
sub-1191,FPT_L,0.25651195645332336,0.3333333432674408,0.25651195645332336,0.28992003202438354,0.0,0.4564409852027893,0.6541507244110107
sub-1191,FPT_R,0.4238317310810089,0.5,0.4238317310810089,0.45877590775489807,0.0,0.5085147023200989,0.7209671139717102
sub-1191,IFOF_L,0.49824458360671997,0.5,0.49824458360671997,0.4991207420825958,0.0,0.6252342462539673,0.6646813750267029
sub-1191,IFOF_R,0.33151814341545105,0.3333333432674408,0.33151814341545105,0.33242323994636536,0.0,0.540530264377594,0.6287800669670105
sub-1191,ILF_L,1.0,1.0,1.0,1.0,0.0,0.6252694129943848,0.718132495880127
sub-1191,ILF_R,0.49871137738227844,0.5,0.49871137738227844,0.49935483932495117,0.0,0.6155264973640442,0.717523992061615
sub-1191,MCP,1.0,1.0,1.0,1.0,0.0,0.6014259457588196,0.8027739524841309
sub-1191,MdLF_L,1.0,1.0,1.0,1.0,0.0,0.7104340195655823,0.7712957859039307
sub-1191,MdLF_R,1.0,1.0,1.0,1.0,0.0,0.6304073333740234,0.7159408926963806
sub-1191,OR_ML_L,0.49978387355804443,0.5,0.49978387355804443,0.49989190697669983,0.0,0.7059415578842163,0.6996597647666931
sub-1191,OR_ML_R,0.49767425656318665,0.5,0.49767425656318665,0.49883443117141724,0.0,0.7289345264434814,0.8078652620315552
sub-1191,SLF_L,0.4998452067375183,0.5,0.4998452067375183,0.49992260336875916,0.0,0.7770200371742249,0.7363466024398804
sub-1191,SLF_R,0.49510785937309265,0.5,0.49510785937309265,0.4975419044494629,0.0,0.5881660580635071,0.6746591925621033
sub-1191,UF_L,1.0,1.0,1.0,1.0,0.0,1.0,1.0
sub-1191,UF_R,1.0,1.0,1.0,1.0,0.0,1.0,1.0
sub-1263,AF_L,1.0,1.0,1.0,1.0,0.0,0.8237800598144531,0.5848799347877502
sub-1263,AF_R,1.0,1.0,1.0,1.0,0.0,1.0,1.0
sub-1263,CC_Oc,1.0,1.0,1.0,1.0,0.0,0.6428504586219788,0.7110651135444641
sub-1263,CG_L,1.0,1.0,1.0,1.0,0.0,0.7825959324836731,0.7595393657684326
sub-1263,CG_R,1.0,1.0,1.0,1.0,0.0,0.8004089593887329,0.8407071828842163
sub-1263,FAT_L,0.24806922674179077,0.25,0.24806922674179077,0.24903087317943573,0.0,0.46289753913879395,0.675755500793457
sub-1263,FAT_R,1.0,1.0,1.0,1.0,0.0,0.6097847819328308,0.7011092901229858
sub-1263,FPT_L,0.4988846480846405,0.5,0.4988846480846405,0.4994416832923889,0.0,0.49535757303237915,0.5480064749717712
sub-1263,FPT_R,0.48874133825302124,0.5,0.48874133825302124,0.4943065643310547,0.0,0.5423582792282104,0.5237918496131897
sub-1263,ILF_L,0.49970752000808716,0.5,0.49970752000808716,0.4998537003993988,0.0,0.616893470287323,0.6292756199836731
sub-1263,ILF_R,0.49770480394363403,0.5,0.49770480394363403,0.4988497495651245,0.0,0.6551748514175415,0.6090025305747986
sub-1263,MCP,1.0,1.0,1.0,1.0,0.0,0.45867782831192017,0.8118883967399597
sub-1263,MdLF_L,0.4968368113040924,0.5,0.4968368113040924,0.4984133839607239,0.0,0.5633625388145447,0.7435214519500732
sub-1263,MdLF_R,1.0,1.0,1.0,1.0,0.0,0.5747606754302979,0.7272401452064514
sub-1263,POPT_L,0.49734926223754883,0.5,0.49734926223754883,0.49867111444473267,0.0,0.49883484840393066,0.5754112005233765
sub-1263,POPT_R,0.4904235601425171,0.5,0.4904235601425171,0.49516549706459045,0.0,0.5324169993400574,0.6145176291465759
sub-1263,PYT_L,0.05161644518375397,0.3333333432674408,0.05161644518375397,0.08939078450202942,0.0,0.5030209422111511,0.5467777848243713
sub-1263,PYT_R,0.09247945994138718,0.3333333432674408,0.09247945994138718,0.14478890597820282,0.0,0.5185601711273193,0.615563690662384
sub-1263,UF_L,1.0,1.0,1.0,1.0,0.0,0.555132269859314,0.6708734035491943
sub-1263,UF_R,1.0,1.0,1.0,1.0,0.0,0.6066960096359253,0.715817391872406
sub-1149,AF_L,0.4994199872016907,0.5,0.4994199872016907,0.499709814786911,0.0,0.693202018737793,0.5865243077278137
sub-1149,AF_R,0.4845883250236511,0.5,0.4845883250236511,0.49217355251312256,0.0,0.8529782891273499,0.541782021522522
sub-1149,CC_Fr_1,0.3473648428916931,0.5,0.3473648428916931,0.4099354147911072,0.0,0.6674389243125916,0.577957808971405
sub-1149,CC_Fr_2,0.28549447655677795,0.3333333432674408,0.28549447655677795,0.30756479501724243,0.0,0.42350244522094727,0.6112658977508545
sub-1149,CC_Oc,0.4878256916999817,0.5,0.4878256916999817,0.493837833404541,0.0,0.4732533395290375,0.7132825255393982
sub-1149,CC_Pa,0.22290284931659698,0.3333333432674408,0.22290284931659698,0.26715612411499023,0.0,0.5130460262298584,0.6612239480018616
sub-1149,CC_Pr_Po,0.25361543893814087,0.5,0.25361543893814087,0.3365316390991211,0.0,0.5120365619659424,0.6753568649291992
sub-1149,CG_L,1.0,1.0,1.0,1.0,0.0,0.7805682420730591,0.6234078407287598
sub-1149,CG_R,0.4981672465801239,0.5,0.4981672465801239,0.49908193945884705,0.0,0.861374020576477,0.769951343536377
sub-1149,FPT_L,1.0,1.0,1.0,1.0,0.0,0.7087588906288147,0.7826025485992432
sub-1149,FPT_R,0.4989461600780487,0.5,0.4989461600780487,0.4994725286960602,0.0,0.5285768508911133,0.6243967413902283
sub-1149,FX_L,1.0,1.0,1.0,1.0,0.0,1.0,1.0
sub-1149,FX_R,1.0,1.0,1.0,1.0,0.0,1.0,1.0
sub-1149,IFOF_L,0.3293893337249756,0.3333333432674408,0.3293893337249756,0.33134958148002625,0.0,0.6891884207725525,0.6272732019424438
sub-1149,IFOF_R,0.3253781199455261,0.3333333432674408,0.3253781199455261,0.3293077051639557,0.0,0.6254035830497742,0.634107768535614
sub-1149,ILF_L,0.3222505748271942,0.3333333432674408,0.3222505748271942,0.327698290348053,0.0,0.8110906481742859,0.755784809589386
sub-1149,ILF_R,0.4999244511127472,0.5,0.4999244511127472,0.4999622404575348,0.0,0.8501353859901428,0.8327649831771851
sub-1149,MdLF_L,1.0,1.0,1.0,1.0,0.0,0.7081303596496582,0.5874047875404358
sub-1149,MdLF_R,0.47547051310539246,0.5,0.47547051310539246,0.48742684721946716,0.0,0.4997784495353699,0.6890835165977478
sub-1149,OR_ML_L,0.4994112551212311,0.5,0.4994112551212311,0.4997054636478424,0.0,0.7163763642311096,0.7788558602333069
sub-1149,OR_ML_R,0.49944552779197693,0.5,0.49944552779197693,0.49972259998321533,0.0,0.7372570633888245,0.8167489767074585
sub-1149,POPT_L,0.48586326837539673,0.5,0.48586326837539673,0.4928302764892578,0.0,0.9434711337089539,0.9448830485343933
sub-1149,POPT_R,1.0,1.0,1.0,1.0,0.0,0.9942947626113892,0.9935210347175598
sub-1149,PYT_L,0.12267608195543289,0.3333333432674408,0.12267608195543289,0.17934729158878326,0.0,0.6274940371513367,0.5493852496147156
sub-1149,PYT_R,0.16237802803516388,0.3333333432674408,0.16237802803516388,0.21837711334228516,0.0,0.674351692199707,0.5983793139457703
sub-1149,SLF_L,1.0,1.0,1.0,1.0,0.0,1.0,1.0
sub-1149,SLF_R,0.48370498418807983,0.5,0.48370498418807983,0.49171751737594604,0.0,0.672292172908783,0.6573642492294312
sub-1149,UF_L,0.49860334396362305,0.5,0.49860334396362305,0.49930068850517273,0.0,0.9980874061584473,0.9973332285881042
sub-1149,UF_R,1.0,1.0,1.0,1.0,0.0,1.0,1.0
sub-1222,AF_L,1.0,1.0,1.0,1.0,0.0,0.7353155612945557,0.6484236717224121
sub-1222,AF_R,1.0,1.0,1.0,1.0,0.0,1.0,1.0
sub-1222,CC_Fr_1,0.46723106503486633,0.5,0.46723106503486633,0.48306044936180115,0.0,0.7808714509010315,0.6123759746551514
sub-1222,CC_Fr_2,0.3173690140247345,0.3333333432674408,0.3173690140247345,0.3251553475856781,0.0,0.6946028470993042,0.5943515300750732
sub-1222,CC_Oc,0.48540401458740234,0.5,0.48540401458740234,0.492593914270401,0.0,0.6809080839157104,0.6840123534202576
sub-1222,CC_Pa,0.2756679654121399,0.3333333432674408,0.2756679654121399,0.30177053809165955,0.0,0.6518843770027161,0.6383561491966248
sub-1222,CG_L,1.0,1.0,1.0,1.0,0.0,0.8581995368003845,0.6691593527793884
sub-1222,CG_R,1.0,1.0,1.0,1.0,0.0,0.8454177975654602,0.7767516374588013
sub-1222,FAT_L,1.0,1.0,1.0,1.0,0.0,0.7034907341003418,0.6851161122322083
sub-1222,FAT_R,1.0,1.0,1.0,1.0,0.0,0.7395278811454773,0.680694043636322
sub-1222,FPT_L,0.4999711513519287,0.5,0.4999711513519287,0.49998557567596436,0.0,0.6779234409332275,0.7760968804359436
sub-1222,FPT_R,0.4996907114982605,0.5,0.4996907114982605,0.49984532594680786,0.0,0.6622745990753174,0.6169813275337219
sub-1222,ILF_L,0.24857689440250397,0.25,0.24857689440250397,0.24928641319274902,0.0,0.6003494262695312,0.7112705111503601
sub-1222,ILF_R,0.24393977224826813,0.25,0.24393977224826813,0.24693270027637482,0.0,0.6617193222045898,0.6225969195365906
sub-1222,MCP,1.0,1.0,1.0,1.0,0.0,0.4790475070476532,0.7779272794723511
sub-1222,MdLF_L,0.49232110381126404,0.5,0.49232110381126404,0.4961308538913727,0.0,0.6589080691337585,0.6560146808624268
sub-1222,MdLF_R,0.433393657207489,0.5,0.433393657207489,0.4643203318119049,0.0,0.5864060521125793,0.6965693235397339
sub-1222,OR_ML_L,0.49945858120918274,0.5,0.49945858120918274,0.49972912669181824,0.0,0.7262310981750488,0.6973042488098145
sub-1222,OR_ML_R,1.0,1.0,1.0,1.0,0.0,1.0,1.0
sub-1222,POPT_L,0.27759256958961487,0.3333333432674408,0.27759256958961487,0.30292007327079773,0.0,0.6340577006340027,0.5863736271858215
sub-1222,POPT_R,0.47002169489860535,0.5,0.47002169489860535,0.48454761505126953,0.0,0.711067795753479,0.6819683313369751
sub-1222,PYT_L,0.1899951696395874,0.3333333432674408,0.1899951696395874,0.24203430116176605,0.0,0.5780211091041565,0.5264644026756287
sub-1222,PYT_R,0.2166890650987625,0.3333333432674408,0.2166890650987625,0.2626427114009857,0.0,0.6167290210723877,0.570203423500061
sub-1222,SLF_L,0.49897828698158264,0.5,0.49897828698158264,0.49948862195014954,0.0,0.8910021185874939,0.8462589979171753
sub-1222,SLF_R,1.0,1.0,1.0,1.0,0.0,1.0,1.0
sub-1222,UF_L,1.0,1.0,1.0,1.0,0.0,0.88149493932724,0.8326750993728638
sub-1222,UF_R,0.49993833899497986,0.5,0.49993833899497986,0.4999691843986511,0.0,0.8021292090415955,0.6345272660255432
sub-1235,AF_L,0.4999827444553375,0.5,0.4999827444553375,0.49999138712882996,0.0,0.808050811290741,0.6089796423912048
sub-1235,AF_R,1.0,1.0,1.0,1.0,0.0,1.0,1.0
sub-1235,FPT_L,0.3266863524913788,0.3333333432674408,0.3266863524913788,0.3299763798713684,0.0,0.7510725855827332,0.603329062461853
sub-1235,FPT_R,0.46805447340011597,0.5,0.46805447340011597,0.4835001528263092,0.0,0.6514405608177185,0.8402652144432068
sub-1235,ILF_L,0.33327195048332214,0.3333333432674408,0.33327195048332214,0.33330264687538147,0.0,0.6021784543991089,0.6556504368782043
sub-1235,ILF_R,0.4960576593875885,0.5,0.4960576593875885,0.49802103638648987,0.0,0.5353432297706604,0.6814361214637756
sub-1235,MCP,1.0,1.0,1.0,1.0,0.0,0.3682962656021118,0.7954695224761963
sub-1235,MdLF_L,1.0,1.0,1.0,1.0,0.0,0.9808807969093323,0.9753880500793457
sub-1235,MdLF_R,1.0,1.0,1.0,1.0,0.0,0.7115043997764587,0.8393757939338684
sub-1235,OR_ML_L,1.0,1.0,1.0,1.0,0.0,0.822295606136322,0.8759429454803467
sub-1235,OR_ML_R,0.49989789724349976,0.5,0.49989789724349976,0.4999489486217499,0.0,0.5515461564064026,0.8210989236831665
sub-1235,POPT_L,0.4997654855251312,0.5,0.4997654855251312,0.4998827278614044,0.0,0.7001460194587708,0.721256673336029
sub-1235,POPT_R,0.3331376314163208,0.3333333432674408,0.3331376314163208,0.3332354426383972,0.0,0.546615719795227,0.6552932262420654
sub-1235,PYT_L,0.04505319520831108,0.3333333432674408,0.04505319520831108,0.07937772572040558,0.0,0.6537701487541199,0.5400267839431763
sub-1235,PYT_R,0.18130266666412354,0.3333333432674408,0.18130266666412354,0.23486201465129852,0.0,0.7495625615119934,0.606415331363678
sub-1235,SLF_L,0.4974293112754822,0.5,0.4974293112754822,0.49871134757995605,0.0,0.9989537000656128,0.9954169988632202
sub-1235,SLF_R,0.44683393836021423,0.5,0.44683393836021423,0.4719243049621582,0.0,0.8500682711601257,0.6901479959487915
sub-1235,UF_L,1.0,1.0,1.0,1.0,0.0,0.7331748008728027,0.8166354894638062
sub-1235,UF_R,1.0,1.0,1.0,1.0,0.0,0.7383124232292175,0.7839992642402649
sub-1245,AF_L,1.0,1.0,1.0,1.0,0.0,1.0,1.0
sub-1245,AF_R,1.0,1.0,1.0,1.0,0.0,1.0,1.0
sub-1245,CC_Fr_1,1.0,1.0,1.0,1.0,0.0,0.6423245072364807,0.6593383550643921
sub-1245,CC_Fr_2,0.2558160126209259,0.3333333432674408,0.2558160126209259,0.2894749939441681,0.0,0.5570847988128662,0.6215248703956604
sub-1245,CC_Oc,1.0,1.0,1.0,1.0,0.0,0.5793803334236145,0.705173134803772
sub-1245,CC_Pa,0.31073448061943054,0.3333333432674408,0.31073448061943054,0.32163745164871216,0.0,0.5154199600219727,0.6838850378990173
sub-1245,CC_Pr_Po,0.2332051396369934,0.3333333432674408,0.2332051396369934,0.2744210660457611,0.0,0.4227534234523773,0.662041425704956
sub-1245,CG_L,1.0,1.0,1.0,1.0,0.0,0.8451775908470154,0.7285932302474976
sub-1245,CG_R,1.0,1.0,1.0,1.0,0.0,0.8676381707191467,0.8277506828308105
sub-1245,FPT_L,0.33302733302116394,0.3333333432674408,0.33302733302116394,0.3331802487373352,0.0,0.6346433162689209,0.7537236213684082
sub-1245,FPT_R,0.4997926354408264,0.5,0.4997926354408264,0.4998962879180908,0.0,0.4315372705459595,0.7451103925704956
sub-1245,FX_L,1.0,1.0,1.0,1.0,0.0,1.0,1.0
sub-1245,FX_R,1.0,1.0,1.0,1.0,0.0,1.0,1.0
sub-1245,IFOF_L,0.4999946653842926,0.5,0.4999946653842926,0.4999973177909851,0.0,0.6032017469406128,0.6183797717094421
sub-1245,IFOF_R,0.4998072385787964,0.5,0.4998072385787964,0.4999036192893982,0.0,0.6393232941627502,0.5987893342971802
sub-1245,ILF_L,0.49993014335632324,0.5,0.49993014335632324,0.4999650716781616,0.0,0.8924428820610046,0.7901239991188049
sub-1245,ILF_R,1.0,1.0,1.0,1.0,0.0,0.8031166195869446,0.6674600839614868
sub-1245,MCP,1.0,1.0,1.0,1.0,0.0,0.5429979562759399,0.8257119059562683
sub-1245,OR_ML_L,1.0,1.0,1.0,1.0,0.0,0.9082441329956055,0.8552252650260925
sub-1245,OR_ML_R,1.0,1.0,1.0,1.0,0.0,0.808559238910675,0.8303908705711365
sub-1245,POPT_L,0.4846428334712982,0.5,0.4846428334712982,0.49220165610313416,0.0,0.5282800197601318,0.733307421207428
sub-1245,POPT_R,0.3129861652851105,0.3333333432674408,0.3129861652851105,0.3228394687175751,0.0,0.4584640860557556,0.7505011558532715
sub-1245,PYT_L,0.05430519953370094,0.3333333432674408,0.05430519953370094,0.09339491277933121,0.0,0.5155290961265564,0.6857247948646545
sub-1245,PYT_R,0.052089590579271317,0.3333333432674408,0.052089590579271317,0.09009945392608643,0.0,0.47367429733276367,0.7203807830810547
sub-1245,SLF_L,1.0,1.0,1.0,1.0,0.0,1.0,1.0
sub-1245,SLF_R,0.48225075006484985,0.5,0.48225075006484985,0.49096500873565674,0.0,0.978638231754303,0.971167802810669
sub-1245,UF_L,1.0,1.0,1.0,1.0,0.0,0.8615119457244873,0.6881687641143799
sub-1245,UF_R,1.0,1.0,1.0,1.0,0.0,0.7442290782928467,0.6665841341018677
sub-1232,CC_Fr_1,1.0,1.0,1.0,1.0,0.0,0.6169317960739136,0.6759921312332153
sub-1232,CC_Fr_2,0.43096724152565,0.5,0.43096724152565,0.46292415261268616,0.0,0.4969565272331238,0.6252076029777527
sub-1232,CC_Oc,0.4999746084213257,0.5,0.4999746084213257,0.49998730421066284,0.0,0.573685348033905,0.6586388945579529
sub-1232,CC_Pa,0.27507784962654114,0.3333333432674408,0.27507784962654114,0.3014166057109833,0.0,0.5092538595199585,0.6542944312095642
sub-1232,CC_Pr_Po,0.262826532125473,0.3333333432674408,0.262826532125473,0.29391059279441833,0.0,0.47187477350234985,0.6628655791282654
sub-1232,CG_L,1.0,1.0,1.0,1.0,0.0,0.8598993420600891,0.9181073307991028
sub-1232,CG_R,1.0,1.0,1.0,1.0,0.0,0.8255553245544434,0.8822026252746582
sub-1232,FAT_L,1.0,1.0,1.0,1.0,0.0,0.5857033729553223,0.6839890480041504
sub-1232,FAT_R,0.4999927878379822,0.5,0.4999927878379822,0.4999963939189911,0.0,0.5545787811279297,0.6770486235618591
sub-1232,FPT_L,0.4990301728248596,0.5,0.4990301728248596,0.4995146095752716,0.0,0.5209696292877197,0.5250568389892578
sub-1232,FPT_R,0.4989354908466339,0.5,0.4989354908466339,0.4994671940803528,0.0,0.4614197313785553,0.6399011611938477
sub-1232,IFOF_L,0.4984177350997925,0.5,0.4984177350997925,0.49920761585235596,0.0,0.7278582453727722,0.5308324694633484
sub-1232,IFOF_R,1.0,1.0,1.0,1.0,0.0,0.623518705368042,0.5758287310600281
sub-1232,ILF_L,0.33284085988998413,0.3333333432674408,0.33284085988998413,0.33308690786361694,0.0,0.5759497284889221,0.6830370426177979
sub-1232,ILF_R,0.3141750991344452,0.3333333432674408,0.3141750991344452,0.323470801115036,0.0,0.5140449404716492,0.7143197059631348
sub-1232,MCP,1.0,1.0,1.0,1.0,0.0,0.5363785624504089,0.85011225938797
sub-1232,MdLF_L,0.4995715618133545,0.5,0.4995715618133545,0.4997856914997101,0.0,0.504193127155304,0.6884918212890625
sub-1232,MdLF_R,0.487664133310318,0.5,0.487664133310318,0.4937550127506256,0.0,0.566455602645874,0.7029362916946411
sub-1232,OR_ML_L,0.49824026226997375,0.5,0.49824026226997375,0.4991185665130615,0.0,0.9794385433197021,0.9682466983795166
sub-1232,OR_ML_R,1.0,1.0,1.0,1.0,0.0,1.0,1.0
sub-1232,POPT_L,0.4995570480823517,0.5,0.4995570480823517,0.4997784197330475,0.0,0.3936746120452881,0.7229805588722229
sub-1232,POPT_R,0.32944682240486145,0.3333333432674408,0.32944682240486145,0.331378698348999,0.0,0.3875121474266052,0.6519736647605896
sub-1232,PYT_L,0.07095270603895187,0.3333333432674408,0.07095270603895187,0.11700084060430527,0.0,0.505656898021698,0.664543092250824
sub-1232,PYT_R,0.1507268249988556,0.3333333432674408,0.1507268249988556,0.20758689939975739,0.0,0.3649721145629883,0.6297869086265564
sub-1232,SLF_L,0.4996436834335327,0.5,0.4996436834335327,0.4998217821121216,0.0,0.8605318069458008,0.8470607399940491
sub-1232,SLF_R,0.4812260866165161,0.5,0.4812260866165161,0.4904334247112274,0.0,0.7405092716217041,0.6223185062408447
sub-1232,UF_L,1.0,1.0,1.0,1.0,0.0,0.7522160410881042,0.6302637457847595
sub-1232,UF_R,1.0,1.0,1.0,1.0,0.0,0.7720504403114319,0.7164869904518127
sub-1178,AF_L,1.0,1.0,1.0,1.0,0.0,0.673728346824646,0.6593283414840698
sub-1178,AF_R,1.0,1.0,1.0,1.0,0.0,0.7277477383613586,0.7265554666519165
sub-1178,CC_Fr_1,0.4999963343143463,0.5,0.4999963343143463,0.49999818205833435,0.0,0.494802862405777,0.702246904373169
sub-1178,CC_Fr_2,0.43054133653640747,0.5,0.43054133653640747,0.46267834305763245,0.0,0.47251182794570923,0.635906457901001
sub-1178,CC_Oc,0.4997638165950775,0.5,0.4997638165950775,0.4998818635940552,0.0,0.5781265497207642,0.698743999004364
sub-1178,CC_Pa,0.3225141167640686,0.3333333432674408,0.3225141167640686,0.32783448696136475,0.0,0.5408667325973511,0.6771396398544312
sub-1178,CC_Pr_Po,0.208102747797966,0.5,0.208102747797966,0.29388779401779175,0.0,0.5386385917663574,0.6592333316802979
sub-1178,CG_L,1.0,1.0,1.0,1.0,0.0,0.7998130321502686,0.7359287142753601
sub-1178,CG_R,1.0,1.0,1.0,1.0,0.0,0.7798193693161011,0.7629507184028625
sub-1178,FAT_L,0.4999500513076782,0.5,0.4999500513076782,0.4999750256538391,0.0,0.5307806134223938,0.6688839793205261
sub-1178,FAT_R,1.0,1.0,1.0,1.0,0.0,0.5362372994422913,0.7051042318344116
sub-1178,FPT_L,1.0,1.0,1.0,1.0,0.0,0.46607670187950134,0.6486207842826843
sub-1178,FPT_R,0.3086208999156952,0.3333333432674408,0.3086208999156952,0.320501446723938,0.0,0.5674835443496704,0.5619692206382751
sub-1178,IFOF_L,0.3328181803226471,0.3333333432674408,0.3328181803226471,0.33307555317878723,0.0,0.5564171075820923,0.6158513426780701
sub-1178,IFOF_R,1.0,1.0,1.0,1.0,0.0,0.5119182467460632,0.6738495230674744
sub-1178,ILF_L,0.49997684359550476,0.5,0.49997684359550476,0.4999884068965912,0.0,0.579156756401062,0.7112182378768921
sub-1178,ILF_R,0.49994957447052,0.5,0.49994957447052,0.49997478723526,0.0,0.6555664539337158,0.7108248472213745
sub-1178,MCP,1.0,1.0,1.0,1.0,0.0,0.5870860815048218,0.7859248518943787
sub-1178,MdLF_L,0.48292356729507446,0.5,0.48292356729507446,0.49131345748901367,0.0,0.6987472772598267,0.6976497769355774
sub-1178,MdLF_R,1.0,1.0,1.0,1.0,0.0,0.8382982611656189,0.8392877578735352
sub-1178,OR_ML_L,0.4967641830444336,0.5,0.4967641830444336,0.49837684631347656,0.0,0.7216431498527527,0.7728323340415955
sub-1178,OR_ML_R,0.4965616464614868,0.5,0.4965616464614868,0.49827489256858826,0.0,0.6809418201446533,0.7658533453941345
sub-1178,POPT_L,0.3203604817390442,0.3333333432674408,0.3203604817390442,0.32671818137168884,0.0,0.487163245677948,0.702887773513794
sub-1178,POPT_R,0.4745139181613922,0.5,0.4745139181613922,0.4869236946105957,0.0,0.5785309076309204,0.7256785035133362
sub-1178,PYT_L,0.0551668219268322,0.3333333432674408,0.0551668219268322,0.09466632455587387,0.0,0.5281497836112976,0.5392736196517944
sub-1178,PYT_R,0.1039809063076973,0.3333333432674408,0.1039809063076973,0.15851439535617828,0.0,0.49701055884361267,0.6677113771438599
sub-1178,SLF_L,1.0,1.0,1.0,1.0,0.0,1.0,1.0
sub-1178,SLF_R,0.4409233629703522,0.5,0.4409233629703522,0.468607097864151,0.0,0.7905742526054382,0.7758018374443054
sub-1178,UF_L,1.0,1.0,1.0,1.0,0.0,0.8271909356117249,0.8933894038200378
sub-1178,UF_R,1.0,1.0,1.0,1.0,0.0,0.616508960723877,0.6844089031219482
sub-1281,AF_L,1.0,1.0,1.0,1.0,0.0,0.7652783393859863,0.6394789814949036
sub-1281,AF_R,0.4872276484966278,0.5,0.4872276484966278,0.493531197309494,0.0,0.9808326363563538,0.9747447371482849
sub-1281,CC_Oc,1.0,1.0,1.0,1.0,0.0,0.47437071800231934,0.7138195633888245
sub-1281,CC_Pr_Po,0.32387593388557434,0.3333333432674408,0.32387593388557434,0.32853659987449646,0.0,0.5141387581825256,0.6372286081314087
sub-1281,FAT_L,1.0,1.0,1.0,1.0,0.0,0.4985752999782562,0.6216603517532349
sub-1281,FAT_R,1.0,1.0,1.0,1.0,0.0,0.6248395442962646,0.6758238077163696
sub-1281,FPT_L,0.28700387477874756,0.3333333432674408,0.28700387477874756,0.30843856930732727,0.0,0.5329241752624512,0.5705025792121887
sub-1281,FPT_R,0.2810600996017456,0.3333333432674408,0.2810600996017456,0.30497297644615173,0.0,0.6572199463844299,0.5359874963760376
sub-1281,IFOF_L,0.3303583264350891,0.3333333432674408,0.3303583264350891,0.3318391740322113,0.0,0.526488721370697,0.5840714573860168
sub-1281,IFOF_R,0.49879705905914307,0.5,0.49879705905914307,0.49939781427383423,0.0,0.7054644823074341,0.5841989517211914
sub-1281,ILF_L,0.33310118317604065,0.3333333432674408,0.33310118317604065,0.33321720361709595,0.0,0.4069429934024811,0.6836408376693726
sub-1281,ILF_R,0.4996708333492279,0.5,0.4996708333492279,0.49983537197113037,0.0,0.685836911201477,0.6676102876663208
sub-1281,MCP,1.0,1.0,1.0,1.0,0.0,0.54308021068573,0.8626553416252136
sub-1281,MdLF_L,1.0,1.0,1.0,1.0,0.0,0.5125927329063416,0.68968266248703
sub-1281,MdLF_R,1.0,1.0,1.0,1.0,0.0,0.6313741207122803,0.715519368648529
sub-1281,OR_ML_L,0.4962097406387329,0.5,0.4962097406387329,0.49809765815734863,0.0,0.7372000813484192,0.8431434631347656
sub-1281,OR_ML_R,0.4997565448284149,0.5,0.4997565448284149,0.4998782277107239,0.0,0.6741815209388733,0.8571418523788452
sub-1281,POPT_L,0.23631155490875244,0.3333333432674408,0.23631155490875244,0.27656006813049316,0.0,0.5483691096305847,0.5755799412727356
sub-1281,POPT_R,0.3078521490097046,0.3333333432674408,0.3078521490097046,0.32008641958236694,0.0,0.5797187089920044,0.6786134243011475
sub-1281,PYT_L,0.122637540102005,0.3333333432674408,0.122637540102005,0.17930610477924347,0.0,0.5403627157211304,0.6077394485473633
sub-1281,PYT_R,0.12441709637641907,0.3333333432674408,0.12441709637641907,0.1812007576227188,0.0,0.599170982837677,0.5580331683158875
sub-1281,SLF_L,0.49981287121772766,0.5,0.49981287121772766,0.49990642070770264,0.0,0.6950485706329346,0.6342182159423828
sub-1281,SLF_R,0.44182348251342773,0.5,0.44182348251342773,0.4691149592399597,0.0,0.7159972190856934,0.6881497502326965
sub-1281,UF_L,1.0,1.0,1.0,1.0,0.0,0.5865793228149414,0.6180902719497681
sub-1281,UF_R,1.0,1.0,1.0,1.0,0.0,0.6871426701545715,0.6746289730072021
